formula,Egap
K1O8P1V2,0.0383
Cl1H3O5,5.2712
Cl1Tl1,2.1732
O2V1,0.8390000000000001
Cu1In1Te2,0.2499
I3Pb2S2Sb1,1.7673
B1H3Mg3O6,3.482
Ga1H4K1,4.9813
Hg3Te4Tl2,0.4721
Hg1I2,1.1852
Al5B1O9,4.9438
Fe5O12Si3,1.9058
Cu2K1S4V1,1.3382
C4Cd2H12O14,3.5679
I12Pt1Tb7,0.1354
Mn1N2Si1,2.4237
Se1,0.9708
Cd1I2,2.3708
Ba3Ir2O9Sr1,0.1945
B1Ca3N3,0.5858
O4S1Zn1,4.4503
La2Ni1O4,0.3037
Cl2Co5O12Se4,3.2502
Rb3Sb1Se4,1.3257
O3Sc2,4.2751
Br4Rb2Zn1,3.7661
Co1La1O3,0.0991
Br1Cr1S1,0.7609999999999999
Dy1Li1O2,4.5771
Cd5Cl1O12P3,2.2236
O3Pr2,3.1722
Ca1Mn1O6Si2,3.3196
Cd1Li1O4P1,3.3533
C2F6N4O6S8,1.2429
Bi2Cl1O4Y1,1.3543
F2Hg2,1.7558
Li16N8Nb2O1,3.3945
F4Pd1Sr1,2.3794
B2K3Nb3O12,2.3678
O2Ru1,1.4858
In1Li1O6Si2,3.7395
Ba1O3Ti1,2.1328
Al1C3Cl6N3,2.5356
Cl2N4O12S10,1.3297
La3O7Ta1,3.6497
As12Ce1Fe4,0.1511
H2O4Se1,3.3563
Ba1F4Zn1,5.7228
Ca1O1,3.6357
As2Cd1Ge1,0.0342
C1F1K1O3Sr1,4.0697
C6Fe1K3N6,2.6016
Pt1Rb2Se2,1.3554
Na2Nb4O11,2.9536
Ho1O4V1,2.9578
Ce1Li8O6,3.4402
Co1Na4O3,1.4593
Co1Li1N2Sr2,0.9254
B4Li2O7,5.6321
Al3C3Sc1,0.3017
Mg1O1,4.47
As1F5N4S4,1.7515
C4F3H14N1O2V1,0.047
Ag3O4Sb1,0.2417
O2Ti1,2.2658
Bi1Cl1O3Se1,3.5704
Ge1Mg1O3,2.4363
C2H6O12U2,3.1609
Mn2O4Si1,2.1978
F2Ni1,3.9993
Al2Na7Sb5,0.2788
Mg3Sb2,0.2136
Cu1O3Se1,1.1418
S1Zn1,2.6996
Fe1Mo2S4,0.1421
Lu1Na1O8Pd6,0.1052
Au1F4Na1,2.6195
S2W1,1.3661
N2Pt1,1.3078
Al2O3,5.8481
As1Br1Hg3O4,1.8581
Br1Fe1O7Te3,1.7728
Eu1O3Ti1,0.7569
Al6Cl2Na8O24Si6,4.6772
P1,0.1394
K1Nb1O3,1.7303
C2N2,4.7918
Ba2F8Zr1,5.9363
As1Ca1Co1H1O5,2.3812
Bi2Fe4O9,1.6087
Cl8N4P4,3.8518
O2Zr1,3.125
C3Cl5H14N1,5.7165
Li1Se2Tb1,1.5131
Be2O4Si1,5.8215
F4Na2Pd1,2.6221
Ba1Cu1La1Se3,1.0097
Ga1O3Y1,2.9478
B1F3Na2O4S1,5.7648
Os1Sb2,0.4639
N2O4,2.7151
Er1O4V1,2.9478
C1Zr1,0.4824
K1Na1S1,2.5107
Cs1F3Pb1,2.9421
Fe3H6K1O14S2,1.0228
Al8Ge3Sr14,0.0447
C6Ce1Fe1H8N6O4,0.8715
Cl1K1,5.0439
Fe1O3Ti1,1.9762
S3Sb2,1.2827
Ca1F6Sn1,4.8292
Al2O5Si1,5.4388
Fe1K1O7P2,2.3605
Ca1O5Si1Ti1,2.2437
O25P6Si5,5.6061
Nd1O4P1,3.977
Ca1Fe1O6Si2,2.8224
P2Zn3,0.6882
Cu1K1O1,1.5707
Ba1F4Pd1,2.5479
Br1Cu1,0.9635
P1S4Tb1,2.1719
P6Rb4Se12,1.3949
Nd1Te2Tl1,0.6813
Cu1Gd3Ge1S7,1.9024
F11Fe1Na1Zr2,3.1147
C4H2N4O2Pt1Rb2,2.427
C2H8I1N1,4.3346
Au2O3,1.0319
Cd1In2Se4,0.9353
Ba4P4Si1,1.0874
O3Tb2,3.9046
Hg2P2S6,1.7509
Ni2O4Si1,3.2679
H2K7N1O22P6,3.6296
Ba2S4Si1,3.0024
C2Rb2,3.5762
Ge1N2Zn1,2.0752
Mn1Na2O4,0.2657
Li2O4S1,5.99
Cl1Na1O3,5.6551
K1Na2Ni1O2,1.3869999999999998
C6I4O6Os2,1.9013
H10N2O4S1,4.847
Br6Cd2H16O8Sr1,2.8592
Cl3O1V1,2.8677
Cs6Ge8Zn1,1.0932
As1Ga1,0.2947
Cl1F8Sb1,3.1625
As4Ba3Si2,0.8232
Ba1Mn2O14Si4Sr2,2.0054
K1La1Na1O5Ta1,3.4593
Ca2Mn1O4,0.3561
Ca1Mn1O3,0.4467
Ba2Na1O6Re1,1.9674
Al4B2Co1O10,3.8403
Cl4Mg1Na2,4.9262
F2O7Te2V2,2.1831
Ag1Er1Se2,1.5616
Cd1F7Rb1Zr1,5.2007
Ge1O2,3.1721
P5Y1,0.1222
Cr2S4Zn1,2.4338
F1H4K1O2,5.1395
Mg1Te1,2.3633
H8Na4O26Si8Ti2,3.7541
Ni1O6Sr2W1,1.3386
O3Pb1Ti1,2.1795
O3Rb1,0.9639
Ba3Na1Nb1O6,3.2264
K2Te2,0.1841
I4Tl2Zn1,2.9784
Sn1Te1,0.0745
O6Pb1Se2,1.2612
As1S4Tl3,1.6504
As2Os1,0.8907
C1Na2O3,3.8665
N2S1Zr2,0.5506
Ag1Fe2S3,0.6681
F6Pb2Zn1,4.5009
Cl3P1,4.045
F2Hg3S2,1.8314
Mn1O4Rb1,2.1241
F2Pb1,4.3688
Ba3O9Ru2Y1,0.5997
Cl18K2Mn1Nb6,1.0828
Nd1Rb1Te4,0.1533
Fe1Te2,0.6921
O14Si4Sr2Ti2,4.2366
As1K1Mg1,1.146
C1Cl5H6Hg2N3,2.5564
B1C3H9O3,5.6639
Cl2Hg4O2,1.8541
Pb1Se1,0.3984
Fe1Li1O6Si2,2.5664
Cu1Nd3S7Si1,1.6001
Br1In1Sb2Se4,1.1127
F5K1Pd2,1.8219
Bi1Mn2O5,0.5734
S2Zr1,1.0036
Ba4Mn3O12Pr1,1.5852
Cs1O5V2,1.7336
K1S8V5,0.7304
As2Mg1Si1,1.2634
F4N4S4,3.4456
F4K2Mn1,2.8160000000000003
Ge2Mn1O7Sr2,2.0739
As1Bi1Mg2O6,3.3661
Br4Fe1Li2,3.1495
Na2O9Te4,3.0894
C2Dy1K1O6,4.2994
I1N1Zn2,1.8644
Cs1F3Ni1,4.1472
Cl18K2W6,1.1124
K1O4Re1,4.0539
Mo3O14P2Sr1,0.9366
Cd1S4Sc2,1.2755
H2Na2Ni3O10P2,3.4837
Ga1H4Na1,4.6551
As1O4Sb1,3.0616
H8N2S4W1,2.1012
Se2Zr1,0.3199
I1K1,3.8594
Al2S3,3.0862
H1Na1O8P2Zn2,4.5154
K2Ni1P2,1.2807
N3Tl1,1.8052
C6N9Nd1,1.8551
Al2O4Sr1,4.063
K1O12P4Y1,5.3731
Bi1O4P1,4.2136
Mg1S1,2.7703
O8P2Pb3,3.5098
In1Rb1Te2,1.1509
Ni2O7P2,0.8271
Ba2Ge2O1S6Zn1,2.0827
Al1K3O3,2.8977
Ge2Na6Se6,1.8811
Ga1H4Rb1,4.924
Li2Se1,2.9754
Fe1O4P1,2.7613
Mn2Na2S3,2.0486
Al2O4Zn1,4.4912
Li2O2Pd1,1.9511
Ga2In6O8Pt1,0.6175
Cs3O3Sb1,3.0799
Cr1Na1S2,2.2774
As2Cs2Sn1,0.7152
H1Ho1O2,4.2781
Eu1K1P1Se4,1.2276
Ba1C1O3,4.4355
Ag5O4Si1,0.9194
Ce1In1O3,1.0708
O4V1Y1,2.8115
Ag1Br1,1.5728
Cr1S3Sb1,1.1058
Li8O6Sn1,3.4360000000000004
Bi1Li1O4Pd2,1.1347
Te3U1,0.3247
Ge4O9Rb2,2.8022
Mo1O6Sr2Zn1,2.1638
C60,0.9463
Sc1Se2Tl1,0.7382
Ba4Mg1N6Si2,1.1383
F3Fe1K0.6,0.0367
Br5In1Sn2,2.2671
O2Th1,4.5405
O12Se4,2.412
Ba2Cu3Na1O6,0.3757
Cu4Ni1S7Si2,0.6174
Ba2Er1O6Sb1,3.363
Cr2K2O7,2.5016
K3Li2Nb5O15,1.9139
Cl4I2O6Pb3,3.3284
O5Ti3,0.2171
Au2F11H1Mg1,2.068
Dy2O3,3.9311
Be1C4Cl2H16O4S2,4.4739
O17Ti9,1.279
Cd1Cu2Se4Si1,0.634
La2O2Se1,2.3366
K2Pd3S6U1,1.3353
O4Tm1V1,1.755
Bi1Cu1O1Se1,0.5414
Cl3Cu1K2,2.695
Cl4Co1N1O3Rb3,3.1699
Ni1S1,0.2667
C2Hg1N2,4.6574
O2Rb1Tl1,0.8481
Cu1S2Tb1,1.4301
Li1O6Re1Sr2,1.9741
As1C1F5N2O1S2,2.8338
N3Sr2Ta1,2.4279
Ca1I2O6,1.277
Cr1S4Y2,0.5537
Nd1O2Rb1,3.5167
Br3Mn1Rb1,3.0812
Nd2O6W1,3.377
Ga2S3,1.9808
O3Sn1Sr1,0.3295
Ba4Cl6O1,4.3441
O11Rb2Sb4,1.8258
C3H7N3O5,4.7718
Pb1S1,0.4652
Ce1I4O12,2.0016
B1Ce1O5Si1,5.2394
Cu3Ge5K2O14,1.4376
Cl3H4K1Mn1O2,3.9786
Ga2Se4Zn1,1.5483
Hf1O8W2,3.8185
Au1Ge4Rb3,0.8887
F5O1Os1,1.4731
As1Cl3,4.0077
Cu1Pr3S7Sn1,1.574
Bi1Cl2K1O4S1,4.1932
Ge4Se9,1.2802
Br8Cs2Re2,0.4758
Cd1K2Sn1,0.0684
Ag6O8S1Si1,0.1852
Cl1F4N1O1,1.6030000000000002
Cs4Se8Si2,1.9365
Ba2O6Ta1Y1,3.4794
As1S2Tl1,1.6971
Ca1O11Ta4,3.7932
Cd3O10Se3,3.1788
F5O2S1Sb1,3.4609
Na4Se10Si4,2.4195
H4Mg3O9Si2,4.2523
F1Li1O4P1V1,1.6904
Ca1S4Yb2,0.5579
Ag10C2F8,2.2565
O12P3Rb1Ti2,3.0077
O1Zn1,1.8237
Cd2Sb2Sr1,0.0269
Fe1Nb1O4,2.4604
As2O6Zn3,3.9907
Ag1Au1Cl4,1.2518
Cl3Mn1Rb1,3.2262
Cl1Na1,5.0394
C2H3K1O4,4.8081
Cd1S1,1.1883
F10Nb1Sb1,4.7257
Ba1F6Te1,4.7892
Mn1O4S1,5.8729999999999976
O4Si1Zr1,4.4644
Bi1F3,3.9499
B2Na1O5Sc1,5.0067
Li1O4Rb1S1,5.1272
Fe1O3Si1,2.4851
K1Nb1S2,0.8306
C2F1H12N6O3P1,4.9079
Cl1H1Sr1,4.0055
Bi2Te3,0.3698
B4Dy1Mo1,0.3129
Br1H1O1Rb2,3.3516
Br2O1Rb4,0.5773
B2O6Sn1Sr1,3.1057
Nb2O6Pb1,2.7347
Li3N1,0.9844
Br1O1Pr1,3.7752
Ge1O5Rb1Sb1,2.1482
As1F6Na1,4.9175
Cd1Te1,0.7058
S4V3,1.1802
Hg2P2Se6,1.1233
Mn2S4Si1,1.7003
Nb8O14Sr1,0.3771
Gd2Mo4O18Sb2,3.1285
Al1Cl1H6O4,5.1257
Ag2O12Sr1V4,2.7903
Cr1La3O6S3W1,1.4753
O3Pb1Se1,2.8381
C2Ca1Mg1O6,5.0093
Cr1F3,2.7971
Ag1I3Rb2,2.8923
Ca4O1Sb2,0.9137
C2H10N2O5,3.3853
Mg3O8V2,3.2963
Al3Br12La1,3.4643
Cu4K2Se9Y4,0.9011
H2Mg1O2,4.349
Co1Mo1O6Sr2,2.1554
Fe1Ga3,0.5416
Ni3O8P2,2.6928
Ag1In1Se2,0.4035
Sn1Sr2,0.2295
O4Pb1W1,3.3148
La1O1P1Zn1,0.8652
As2Ca4O1,1.2039
H3O8Rb1S2,5.6549
H1K1Mn1O10P3,0.7906
C9Fe3O9Te2,1.87
Pb9Rb4,0.3164
Cu3O8V2,0.9701
Se5Sr1Th2,1.4336
N4Si3,4.252
Ag1Cl1O2,1.3516
Ba1C2H2O5,3.1630000000000003
Ge1Se4Yb2,0.9819
Br3Ge1Rb1,3.1848
Ba1Ni2O8P2,3.4921
Al2F1H8K1O12P2,4.9908
K1O5P1Ti1,3.3542
Ag1As1F7,1.504
Cr1F10Sb1,1.2916
Cu2Ge1S4Zn1,0.6728
F6W1,5.0303
Ba1Cl2,5.1303
Ba1Ho2Ni1O5,1.9959
Ba3Cl4Li2O7V2,3.1219
Hg2N2O4,2.0783
H3O4P1,5.9108
In1Na1S2,1.9155
Cd1N6,2.8309
Cl1Eu1F1,3.0258
C4H2O6Sn2,2.1283
Al6C5Cl12H16O6,5.5045
B2Cs1Nb1O6,3.2844
C4Hg1Mn1N4S4,2.3168
Cu2Fe1Ge1S4,0.8744
H3Ni1O7S1Y1,2.1248
Cl1K1O4,5.5292
Ca1H8N12O4Rb2,4.2776
Eu1S1,0.7163
Cu3F12H24Mn2O12,1.7921
I1Li1O3,3.6754
K2O6S2,5.0293
Ca1Mg1Na2O8P2,5.1095
Cd1Na2S4Sn1,1.7922
Ba1C2,1.6124
Cu1Ge1Pr3Se7,1.1282
C1I14Zr6,0.7956
H3Na1O3Zn1,3.7181
K1N1O3,2.9665
F4K1Na1O2W1,2.483
Fe1Li2O4Si1,2.8294
Ga1K2Na1P2,1.3458
F2Xe1,2.6558
Cl4O1W1,2.0164
Co1O6Pt3,0.6013
Ga2H4K1Ni1O14P3,4.1386
In1Te2Tl1,0.505
Mn2O14P4Si1,4.1208
Ba2Cl7Sc1,4.1613
Ga1N1,1.7509
Ag1F4K1,2.1487
Fe1H8O12P2Zn2,2.745
Al2Mg1S4,3.0588
Cs1I3Mn1,2.5547
Cu8Fe2O21P4,0.3317
Al1H2Li1O5Si1,4.864
Cs1F1,5.2752
C1Fe1Na3O7P1,3.2388
Ca1Mg1O6Si2,4.9579
Br1Li3O1,4.2806
Dy1S2Tl1,1.5225
Pd1Se1,0.3988
Cr1La1O3,2.0751
Cd1F2,2.8960000000000004
Cu1Na1Se1,0.3663
Cl1Cs3O1,1.596
Hg3Se4Tl2,1.0614
O9Ti4Tl2,3.1116
O4Pb3,1.1155
Ga2H6O12Se3,4.0544
Cl3Cr1H12O6,3.0218
Cl3Fe1,2.165
B4Co1O7,3.8581
As2K2Ni1,0.7764
C3S8,1.7013
Hf1N2,0.5872
Ba2In1O6Ta1,4.0976
B2Ba2Cl1Gd1O6,4.0014
Ho2O2Se1,2.1444
Ga2S4Zn1,2.4489
N1O1Ta1,2.4162
Ir1Ni1O6Sr3,0.6399
Cr1F5Mn1,2.376
Al1H2Na3O9P2,4.5093
Cl4H13N5O2Ru1Zn1,2.7178
Ba2O8Si2V1,2.3525
O6W1Y2,3.3393
C12N6,3.1072
Ca1Li2N4Si2,3.4823
Cd1O9P2V2,1.4358
Al6I2Na8O24Si6,4.171
Na1O3Ta1,2.504
Ag1O1,0.3362
Ca1H2O2,4.1003
C2F6Fe1H12O12S2,3.8631
Mg2Sb2Sr1,0.9757
Cl4H4N1Tl1,2.4153
C2N2S4,2.9528
Fe2Ge1O4,1.0439
O6Sb2Zn1,0.7319
Au1Cs1O1,1.658
Cd1O2Rb2,1.3562
O2Pt1,2.0533
Cr1Li1O6Si2,3.219
Ca3O8V2,3.4342
Ag1Br1O1Pb1,0.3576
O12U1Y6,2.84
Li1O2Tl1,0.4581
I6S1Sn4,1.391
H2Li1N1,3.1119
B6O1,1.8609
B2O12Pb6W1,2.4664
La1Mg1Na1O6W1,3.1933
Cu3S3Sb1,1.1531
O8Pb3V2,3.0436
Cu4Na1O12Te2Tl3,1.1282
Cu1Nd3S7Sn1,1.5461
B2O7Pb4,2.5359
Al5O12Y3,4.4967
Be1H2,5.4212
Ba2O5Tl2,0.5949
Hg2Mo1O4,1.9781
Cl2N2S1Se2,1.7491
Mo2O8Zr1,2.8293
O5Si1Sr3,3.7832
As1F1O4Rb1Sc1,4.0264
Au1K1Se5,1.0059
Al1Ca1H5,3.2847
Ga2O4Zn1,2.8549
B1Ca2Cl1N2,3.3298
Fe1Sb1V1,0.8366
B1Ca1Li1O3,5.0277
La6O18Re4,0.4973
Ho1P1S4,2.1538
Ce3Cu1Ge1S7,1.7138
Ba3In2O16P4,3.8258
Ga1O3Pr1,0.6346
Fe2Na3O12P3,2.1177
O3Rb1Ta1,3.717
Cr1I6Tl4,1.4506
B1Cd1Li1O3,2.2141
Al1Ce1O3,3.6886
Ca3Cr2O12Si3,3.3536
K2O8S2,3.4960000000000004
Cr1Ge2Na1O6,2.8063
Al14O25Sr4,3.9508
H3O3Tb1,3.5517
Cs1H1,2.3222
C1Cl1N1,5.7867
Br3Cd1H4N1,2.6224
Ag7P1Se6,0.6704
Cr1O4Pb1,1.8163
O8Se2Sr1U1,2.8526
Mo1O3,1.8574
Ge1Mn1Te4Tl2,0.3606
Ce1S2,0.3473
B1O5P1Pb1,4.2822
C3Cl3Cs1O3Os1,3.7058
I1O7Sb5,2.5652
H4Li1N2Rb1,2.3348
Hg1O1,1.1971
As2Ca1Zn2,0.7229
Cd1Te4Tl2,0.1117
Bi2Cd1Ge1O6,1.9139
Cu1S2Sb1,1.0218
Al3Ca2H1O13Si3,5.0422
Al4Mg2O18Si5,4.8236
In3Ru1,0.1768
C9Fe2O9,2.5989
Hg1K6S4,1.7077
Ca5P8,1.1395
Ge1O3Sr1,3.3222
P2Rb4Se9,1.4233
S5Sb2Sn2,0.777
Cr2O4Zn1,4.3245
C2Cl2H10N2Pt1,3.0964
Ce1O4V1,2.5034
Cl3Cs1Pb1,2.1936
C60Rb6,0.6934
As1La1O4,3.6442
Ag1C1N1O1,3.2206
Cr1O4Yb1,0.5105
C1H3N1O1Si1,5.6253
C6F2H14Mo1N2O4,3.1587
H1K2N1O7S2,4.7385
Ca1O4W1,4.0948
Ba1Li2O4Si1,4.386
Li16N8O1Ta2,3.3555
Fe2Mn1O4,0.8808
B3Li1S6Sr1,2.9052
F7Sn1Y1,4.3482
As2Ba1Cd2,0.2443
N3P1Zn2,3.2646
N5Ta3,1.4467
Br1Tl1,1.9503
Fe1O4S1,3.693
F3K1Zn1,5.183
Li1O2Sc1,4.3532
I1K1Ni1O6,1.7027
C2H7N1O1S1,5.0278
Al1O4V1,3.0435
Al2Ca3O12Si3,4.9987
K1O2Tl1,0.8816
Ce1Cl6Cs2,2.2696
O4P1Y1,5.8066
Au2O4Sr1,1.7725
P11Rb3,1.9336
As2F12N4Se6,1.1967
Na4Ni7O24P6,3.1522
C2H6P2S6,2.2058
H8K2N4Zn1,2.1177
C3Ca2H1Li1,1.2462
As1Bi1O4,2.7352
H2K1N1O3S1,5.1565
H6Li1Mo1N1O5,4.1261
C1Si1,2.2984
Cl1N1Zr1,1.7602
Mn1S2,1.2339
Ba1Co1O3,0.6168
Cu1S7Sn1Y3,1.361
O4Sn1Sr2,2.2524
F3Ni1Rb1,4.0541
Nd2O7Zr2,3.3495
Au1Ba4Na1O8,1.3663
Mg1Mn2O4,1.7773
O7Pr2Zr2,3.4291
K2Sn1Te5,0.4475
O4P1Sc1,4.8931
Ag4P2S6,2.015
Br2Ca1,4.6080000000000005
C4Ca1Mg3O12,4.8082
Ge4S10Tl4,2.0507
Ba3Fe3Se7,0.3994
Li2Te1,2.498
Nd2O13Te2W2,3.2012
Cl3Re1,0.8825
C1K1N1,5.218999999999999
Cr1Ge2Li1O6,2.9579
C5O5P4S3W1,2.3828
Fe1S1,0.5272
Cr1Er3S6,0.5775
H30N7O12P3,4.6235
Bi1Fe1O3,1.894
Al1H4Na1,4.6685
Ge2Na6Te6,1.261
As4Cu6Hg3S12,0.4856
In2O5P1,2.1097
F6K1Na1Sn1,4.7017
B2N4Na0.67Sr2.67,1.9733
Mn1Sn1Te4Tl2,0.3447
Cr2O12S3,2.7694
F3Pb1Rb1,3.0536
Ag1Tb1Te2,0.8826
Br2O2Pb3,2.3894
F6Hf1V1,3.2043
Ba1Co1O4Si1,3.4644
F6Rb2Rh1,1.3276
Au1Na3O2,2.107
Cu1O2Sc1,2.6404
Ga1Ge1Li1O4,2.7092
Hg3I2Se2,1.0811
Mg4N12P6S1,4.8316
Cu1N6,0.6126
Li1O5P1Ti1,3.3575
Ba10Br2O30Re6,2.6563
H3Li1O6Se2,4.2998
In1Na1O8W2,3.2538
O12Rb2Te1W3,2.748
B6Cs1Li1O10,5.069
As2O3,4.0171
Cl6K2Sn1,2.1333
H2Mn3Na1O12P3,3.3453
C4Cr1H8N6S4,2.428
I1S1Sb1,1.5262
Bi1O4Ta1,3.0015
Ag3C6Cd1N6Rb1,3.4087
C5Fe1O5,3.639
K2O5Si2,4.3171
As2Be2Ca1,0.6583
Au3Ho3Sb4,0.4628
F6Rb1Sb1,4.8996
Dy1I1S1,2.707
F4Na1Ti1,3.0673
Bi2I1O4Y1,1.4012
Na1S2Tb1,2.2657
Br1Mn1S2Sb1,1.7322
Cl3Cr1O1,1.5642
B1Cs1Na2O3,3.2914
Li5O6Re1,2.2411
C6Co1Cs2N6Rb1,5.1008
K3O14V5,2.254
Mn2O5Tb1,1.3227
C12Co2H40N24Ni3O2,3.0424
Cu1H2N2O7,1.1101
Ag1Sc1Se2,1.3519
Mg1O4W1,3.3523
Na4O5U1,3.2231
C1Cl2F2,5.5222
K1N3,4.1587
Cr2O4Si1,2.0423
Cu1Ga1Se2,0.4136
Na1Nb1O2,1.4292
Mn1Mo1O6Te1,2.2871
Ru1Sb2,0.1606
Br1F4Rb1,3.3202
Ca1O3Ti1,2.366
Bi2S3,1.368
Cs2O9Si3Sn1,3.3952
Al3Cl12Dy1,4.2589
K2Te3,0.5325
Au1Cl4K1,1.4873
O8P2Sr3,5.3942
F3Mg3N1,3.5775
H13N3O8S2,5.2155
Ca1Ga1Li1N2,2.22
Nb1S3,0.5279
Ca1F5Fe1,3.3287
C1H4N2O1,5.0468
Ba2F1N1,1.0927
K3Na1O8Ru2,1.4531
C2Eu1N2S2,2.69
Cl1O1V1,1.6577
F8O1P1Sb1,4.682
Au5Cs7O2,1.029
F1N1O1,3.1789
H2K3O10Si3Tb1,4.6063
C2Cs1Na1,3.2973
Al1K1O7P2,5.3074
As1Li2Na1O4,3.8876
Er1Mn2O5,1.3064
C4Fe2H2O6,2.311
S5U3,0.1631
H21Li1N7P1S3,3.0832
C1Cu1F1K1O3,0.5403
O8P2Rb1V1,2.0516
Cu4O3,0.0611
F6N1Re1,2.5538
Hg1Mo1O4,2.2419
Na1O5Te1V1,3.0306
Al1H6I1O4,4.3131
Er1Na1O8S2,5.7456
Br3Cu1K2,2.4765
Cu1Gd2K1S4,0.9972
Br1F3Rb1Sb1,3.7664
In1Li1Mg1Mo3O12,3.1397
Bi2Br1Gd1O4,1.2967
As2Mg2O7,3.0455
C1N1Th1,1.227
Ag3S2Tl1,1.1126
Au1O1Rb3,0.2744
Nb1Nd3O7,3.0579
S6,1.4005
Se5U3,0.6409999999999999
I2Pd1Te1,0.6733
Ag1Rb3Se8Sn3,1.2097
As2Si1Zn1,1.1355
Li1N2U1,1.5039
C2Na2Pt1,0.7065
Ba1Ca1Ga4O8,3.1898
Br1Ca2N1,2.4246
Fe1Li1O4Si1,2.9005
F1O2Rb1S1,4.0969
O7P2Pb1Pd1,1.7518
Mn1S4Sc2,1.3742
Fe1H4O6P1,2.1943
Cd2H4O4,1.8521
Ba2Ir1O6Pr1,0.3826
H8Na6O14P4,3.5943
Cd1Cl4Na2,3.7348
F6Fe1Li1Mn1,0.7671
C1H3K1O6,4.1479
Cu1I1,1.6398
B8La9Na3O27,3.9176
Cd1N2O6,3.451
H10I1K2Na1O10,2.5124
Cs2Mn1S6Te2,1.7416
O4P1Sb1,4.01
Co1Se1,0.241
C4Mn1N6,2.2086
C1Ce1F1O3,4.5006
Cr2Mn1S4,2.1123
Be1Cs1F3,5.3516
O7Tb2Ti2,3.2993
Cu2Mg1Se4Si1,1.1154
Cl8Na2Ti3,2.7851
As1Li3S3,2.2817
Ce1O1Sb1Zn1,0.2091
Al2O7Rb2Sb2,3.5887
Cs6O7Si2,3.1805
Fe3O7P1,1.9343
Al5C3N1,1.4366
P1Ru1S1,0.667
C24F20Sn1,3.2384
Ba2Nb1O6Tb1,3.1457
Fe1O3Y1,1.2673
Ag1Nb1O3,2.1531
B2Ba2Cd1O6,3.1241
As4Pb9S15,1.5735
Mo1N4Sr3,2.0393
Br2C4Fe1Hg2O4,2.967
Cl5Co1Tl3,2.7726
B4O11Sc2Sr2,4.6433
Na2O7W2,2.2195
Al1Cu1O2,2.015
Cl4Ge1,4.0077
Li6Mo1N4,2.7071
H14Na1O24P8Sc3,5.4016
Na5O10P3,4.5799
O7Rb6Si2,3.1444
K2Mn1Se4Sn1,1.2098
B7Cl1Mg3O13,5.9191
Br2Hg3Te2,1.7328
Li1Mg1N1,2.1877
Cu2Mn1S4Sn1,0.1226
Fe2Rb6S6,1.4243
Ge1In2Li2Se6,1.1338
Hf1Se2,0.5051
B3Mg5O12Ta1,3.9645
K1O3Sb1,1.1259
Cl1O4P1Sn2,2.5822
Ga2O4Sr1,3.1547
As5Fe4O13,1.3575
Cl2Cu1,0.8284
Se1Zn1,1.6977
H3K1O6S1,4.5928
Li1O4P1Pb1,3.5189
Cu1La1O1S1,2.0312
Al1K2Li1P2,1.9014
Ba1H2O8S2,5.5827
Br5Ru1Y4,0.2364
Cl4K2Pt1,2.4777
P1S3Zn1,2.2286
I3U1,1.6103
O72Si36,5.624
Br1H10O8P3U1,1.6755
N2Te1U2,1.0616
Fe2O4Si1,2.3993
Cl6I2,1.7346
Co1O2,1.8677
Nb1O5P1,3.3913
Cs2Ge3O9Sn1,2.3899
Ba1Ca2N12P6,4.0771
Bi2O5Te1,2.4396
Br1In1O1,2.1235
Mn1Rb2Se2,1.8565
O5S1Ti1,2.9758
Li2Na1Sb1,0.6834
Cd1P14Sn1,1.3908
As1O3Sb1,0.9374
F1,0.0512
C2Cu1K1N2,3.0253
Bi4I2Ru1,0.534
O8Sr3V2,3.6651
Cl14Rh2Te14,1.4081
Er2O3,3.9657
Eu2S4Sn1,1.0027
C7Cr1F2H1N1O5,3.5322
Fe3H8O12P2,2.5423
F5H2K2O1V1,2.0418
La5N1O2S4,1.3278
C1Sn1,0.0914
Li7O8Rb1Si2,4.7181
Pr2S5Zr1,1.0637
Ag8Ge1S6,0.8209
Ba1Co4Ho1O7,0.4798
O7Pr3Re1,0.6104
Ba3S5Ti1,1.3784
Cd1Cs1Ho1Te3,1.5659999999999998
I3O1W1,0.5627
F6Ni2Rb1,0.9479
Au2Cd1F12,1.9875
Cl4Pt1,0.3609
C1H4N2S1,4.3271
Er1F1Na1O4P1,5.5199
Cd1Cs1F3,3.5584
Ce1P2,0.3461
Ga3Ru1,0.3056
B1H10Li4N3,3.574
Cl2Cu5O12Se4,1.0268
Cl2Co1H4O2,3.5925
Ce2O3,2.821
Ce2S3,0.8513
Br1Cu1Se3,1.1756
Cl1O4S1Tl1Zn1,4.5567
Cl3S8Sb1,2.8329
Au2F8Hg1,2.0808
As2Cd1F12O4S2,3.5005
Ba1Er2Ni1O5,2.0022
Cu1O6Pt1Sr3,1.25
Cl3H3N1Sc1,4.2188
Cl9Nb1Te1,2.3882
F1Fe1O3Sr2,0.6948
As1Br3F6,1.6074
C2F6H3O4Sb1,3.2836
H4O4P2Sr1,5.4194
Ba3O9Sr1Ta2,3.9238
Ba2Nb2O10Te1,3.0152
Cr1N4Sr3,1.6777
Ba1Cu1Nd1S3,1.1042
C1O3Pb1,3.3938
I4O1Ta4Te9,0.5945
Cr1O4Tl2,2.3828
Ba4Na1O12Sb3,1.5144
Hf1O3Pb1,2.7537
Ba1Dy2Se4,1.374
Au1Rb2S4Sb1,1.6334
N2Na1Ta1,1.4444
Nb2O6Zn1,3.6269
Ca1Cu3O12Sn4,0.7976
Cu2O7P2,1.3764
Cr1Si2,0.9304
H48Mg3N2O30P4,5.3562
Au1C2Na1,1.5531
Ba1Cl1F1,5.45
Be1F4H5Li1N2,5.3882
C1H1K1O2,4.3206
Cl6Pt1Rb2,2.09
Bi2Cs1Cu1S4,0.7473
O7Ta2Th1,3.013
Ca2Pb1,0.0263
Cr2Si2Te6,0.6121
O7Sr3Ti2,2.3753
Cd1H2O4Se1,3.9324
F6Li1Os1,2.6774
Bi2Mn1Ni1O6,0.9801
Au2Cl6Cs2,0.9237
K4O12Zr5,3.1804
C6I2O6Os2,2.3856
C8F4H25I1N2O2,4.5754
Ag3P1S4,1.4312
O4P1Tb1,2.9626
F7K2Mn2Rb1,2.9703
Cr1Te3,0.5670000000000001
K2O8P2V1,2.4538
I2O4,1.4852
Cl8Mn3Na2,4.0932
Cu1La1O1Te1,1.6685
Ag1Ho1S2,1.3534
B3Ca5F1O9,4.2427
C10H14N8Ni1O2,1.3057
Ca1H2O5Si1Zn1,4.0931
As2H1K1O6,2.705
Cs2F6Sn1,4.8193
Cu1H2O5Se1,1.7872
Na5O13P1Si2Ti2,3.0068
As1B1Ba3O3,1.521
K3P1,0.2239999999999999
Cl6Ga1O2Re1,2.0094
Fe1Mo2Na1O8,1.9842
Cl2Cu5O8Se2,1.0234
Cd2Cl1P3,1.2284
K2O9Si4,4.6355
As2Pt1Rb2,0.7981
Na2Ni1O2,2.3481
Ge1O12Pb2Se4,3.2992
Ba2Cu3O6,0.2491
As1Cd1K1,0.2566
P2Pt1,0.8759999999999999
Cl7Mn2Rb3,2.9960000000000004
Ni1P2,0.6698
B4Cu1Ho2O10,1.7168
I4Sn1,1.7705
As6C8H34N16O34V4,2.139
Cl14H20Mo6O9,3.0517
K2S1,2.3233
As6Cs4,0.4232
Mn1O5Se2,2.9130000000000003
Al1H6La1,2.1807
H4Si1,5.8297
Mo3O12Tb2,3.4819
Al1As2Li3Mo2O14,2.8217
C6Co1N6Na1Rb2,5.0626
B1Ba1F3O1,5.8785
Cl3Cr1Rb1,2.2155
B1Cu1S2,1.9361
K1O8P1Sb2,2.212
F6Ge1K2,5.7209
Cl4Mn1Na2,4.0241
Ca3O6Tl2,0.7297
Ge3O9Sb2,2.9371
Ag1Er1Te2,0.8652
K4O18Si6Sn2,3.492
Br4K2Zn1,3.9148
Cl1Cs1O4,5.4844
B2Ba3N4,2.5149
O7Ti2Y2,3.2875
Rb1Si1,1.1362
Ag2O2Pd1,0.3164
C3N2,3.5011
Ce1Rb1S2,2.3962
Nd3O7Re1,0.3467
F1O3Re1,3.0462
Cu2O1,0.6532
As4Ca3Ge2,0.6025
Cl3Cs1Ge1,2.199
Er4O7S3Si2,2.6349
Ba1K2O12S12,2.736
H1Na1,3.7962
Ba1Li2Mg1O8P2,5.5571
P2S7Zr1,1.6598
Cl18Cs2W6,1.0915
In1S3Sb1,1.4927
Ga1K1O2,3.1314
H11Na2O8P1,5.2388
Cs2H10O24P6Re2,0.7604
F6Sn2,2.2442
Na1O3P1,5.127999999999999
Ba2Ge2Te5,0.6146
Be6O24S2Si6Zn8,4.5022
Cs2N12Pd1,1.9194
K6O26Si4Ta6,3.1537
Ba1K1O4P1,4.9629
Bi2Se3,0.3901
I6Rb2Te1,1.4976
B3O5Rb1,5.2909
C1F1O3Rb3,3.4701
C1N2Tl2,1.8886
Mn2O4Ti1,1.7773
P1Se4Tl3,1.4309
Al1Li1O6Si2,5.3557
Ge9Li4O20,2.862
C2H9N11O8,2.7725
Ca2O7P2,5.4227
Cr1F6Na1Rb2,4.2737
C3Cs1N3Se3,1.7522
Be1I2,4.1243
K2Mn1S2,2.2738
I5In1Sr2,2.7727
P1Pb1S4Tl1,2.0935
S3Sr1Zr1,1.1823
C2Na2,3.3749
Os1P2,0.9187
As1K1Ni1O4,2.8898
K2Nb5O15Y1,1.9039
Cd1Cr2H14N4O8,2.8695
Cs1Ge1,1.3785
Cu4O9P2,1.1877
Cu1O7Sr1V2,1.983
O14Rb3Sb5,1.1686
F6In1K2Na1,5.348
Br3C1F1,3.262
Cs1H3Mg1,2.9296
Cl2Cu3O6Se2,1.1769
Ba2C2F3O6Y1,5.2658
Mn2O5Pr1,1.4333
Ag1K2Nb1S4,1.7358
Ba2Mn1O3,1.7205
Ba3Cl2Fe2O5,2.237
Li2O12S3V2,2.9471
H8N6O12Zn1,3.2565
Ir1P2,0.5159
Ba1In2Nd2O7,2.571
Cd1Ga1In1S4,0.4163
B2Bi2O7Zn1,2.5956
Ag1In1Te2,0.4045
Cl2Si1,2.0118
Ca1Co1F6Li1,2.8809
Br4Ga1Na1,3.4898
Cl1Er1O3Se1,4.3434
O2S1,2.8414
B2Mo1O12Pb6,2.3681
K1Ni1O4P1,2.9853
Ag6Ce1N9O27,2.9194
Ba5Cl1Mn3O12,1.7869
Ba4Nd4O15Pt1Zn3,2.443
Bi2O7Ti2,2.7755
Cl1Cr1O4Sr2,1.0949
Cl2N2S3,1.6965
Br6W1,1.1364
Ge1Mn1O3,1.7228
Eu2Ge1S4,1.9244
Ca1O6Si2Zn1,4.4895
Ba2K8O24U6,2.8745
Cu1Er1O8W2,1.4433
Al1Sb1,1.2271
Cl3Cs1Yb1,3.0729
Ho1S3Sc1,1.9834
Ca9In1O28P7,4.4412
Li1Nb1O2,1.6572
O4S1Sr1,5.91
F4Fe1Na1,2.9994
Ni1O4Sb2,1.9338
Ag1Dy1Te2,0.8778
F1Na3O4W1,4.502
H2K1N1,2.0780000000000003
Bi1Cl4N3S4,2.0251
Cl2Cu1O6Se2Sr2,1.7913
Ba2O6W1Zn1,2.9874
In1Na3O4Rb2,1.977
Cl1Li4N1,1.771
Cu1In1Mo2O8,0.7201
Ge4H4Na4O16Sn2,2.397
O5Ta2,0.4342
Au1C4F12Li1O12S4,1.6357
As1H6N1O4,4.0167
F1Mg1Na1O4S1,5.5939
Al1Nb1O4,3.6135
F4Xe1,2.7105
Mn1Ni1O3,1.5456
C2Cs1F2Ga1H6,4.2069
Cl2Cr1,2.3375
Co2P2S6,1.2999
Al1Dy3Fe1S7,1.779
Ga1K1O14Te6,2.977
Bi2H16Na6O14,3.9423
Cl1O12Sr5V3,3.9298
H9N1O13Y4,3.213
Cl5Cs1Pd2,1.9541
Ba3Na1O6Ru1,1.4769
Cl1Cs1,4.9953
Al1Cu1Te2,1.2869
Cl4N1Re1,1.283
Ca1Mo1O4,3.3476
I5In1Pb2,1.8539
B2Ce3Cl3O6,4.4168
Al2Mg1O4,5.1112
F1O1Sb1,3.3005
Cd2P2Se6,1.129
Fe1O4V1,1.9091
Au1K3Se13,0.6554
H6Nd1O12P3,3.2217
Cs4Fe1O3,1.3343
Cl2Cr1H12I1N4,2.7465
C1Ca4N4,1.8009
Cl2Zn1,4.6308
Cd4S6Si1,1.5094
Br2Cd1,2.8581
Ge2Na2Se5,1.5313
O9Te4,2.2302
O8Rb1S2Tl1,1.9786
Na1O7P2Y1,5.2755
H2N2Na2O4,3.0117
Gd2O7Zr2,0.1483
Cu1K1Na2O2,1.7827
Cd1Ho2S4,1.153
N2Sr1Ti1,1.4463
As3Na1Zn4,0.3239
Cl18Nb6Rb4,1.1295
Cu3K3P2,1.4959
Cs1Cu5S3,0.9994
Br8Nb3,0.4697
Na4Sn1Te4,0.971
Bi2Cl1Er1O4,1.4394
Au1F4K1,2.8813
Ca2O7Sb2,1.7361
Ge1K1O5Sb1,2.2334
H6Se1Si2,3.6874
In1Li1Se2,1.6849
Bi1Nb1O4,2.6421
C2F1H10N2O8P1V2,2.7260000000000004
Li1N1O3,2.9816
Be4C6K6O19,4.7794
Co1O6Ta2,3.0626
Ge1Li2Zn1,0.0295
Br4Cs2I2Pd1,0.843
Cl4Cu1H4K2O2,1.6449
Ni3Sb4U3,0.35
F10In3Rb1,3.6509
S18,2.4698
Ba1Na1O7Sc1Si2,4.5311
C2Cl2H12K1N2O4P1Pt1,3.1497
H4N4,3.5944
Cu3Mo2O9,1.1272
Ca2Cu1P3Zn2,0.3047
O3Pm2,3.7054
Br2Mn2Sb2Se4,1.0599
Be6Mn8O24S2Si6,3.141
F3Mg1Na1,5.9285
Al1N1Na3O9P3,5.0104
P2Rh1,0.2491
Li4Mo5O17,3.0228
Mn1O6Sb2,0.6059
F4Te1,3.9885
S2Sn1,1.3672
K4P2Pd1S8,1.9188
Al1B2Li3O6,4.8247
H1Mn1O3P1,4.3405
B12P2,2.4904
Ba1C2N2S2,3.8461
Cr1K3O8,1.8178
O5Si2Sr1,4.0732
Li2O5Si2,5.2436
Cl2Ni2O8Sr1Te3,3.0777
Ce1F3,4.7534
Ca1Cl2,5.4449
Bi1K1O8W2,2.7794
In1K1S2,2.1297
Dy1H4K1O9P2,4.6743
Eu2I1P1,0.8407
Al2Hg1Te4,1.1042
Cl6K2Pu1,0.3081
As2H3Li1O7,1.9624
Cs1Ga3,0.0486
I1K1O4,2.3318
Cd2O7Sb2,0.6509
O4Tb1V1,2.9659
Li2O7Sr1Ta2,2.5345
O3Sn1Ti1,1.7288
As5S8Tl1,1.5664
O4Sn1W1,3.9241
Ag1Bi1Se2,0.4387
Ba1O8Te1V2,2.5109
Ga2H3O9P3,5.275
Co1Li6O4,3.195
O2S1Y2,2.9901
Cs1H1Mn1O10P3,2.2761
B1H7Li1N1,5.6633
B1F4H2N3S3,2.2729
Cl3Gd1,3.9353
Tc6Te15,0.6117
F6Na2U1,3.4221
Cs1N2Nb1,1.7973
Fe1Mo1O6Sr2,1.5162
Ba2Ca1O6W1,2.8561
Ag1Te2Y1,0.8745
Br2Re6Se8,0.835
Co1O4S1,4.0099
Ag1K2S4Sb1,1.4423
P4Ru1Si4,1.5808
I1K3O1,1.0374
F2O1Se1,4.1516
Er2S3,1.1627
Fe2La3S7,0.7964
Cl5Sb1,1.8558
H4O6Se1Zn1,3.05
F7K2Pa1,3.9971
I2Li5S3Sb1,2.5031
O1Pr1Sb1Zn1,0.2617
Al1F9H2O1Pb3,4.6619
C2H2Na2O6,3.1734
Cr2Hg1O4,1.5824
Cr1O4Tb1,0.7146
Cr2Fe3O12Si3,3.0149
Ba6Ga2P6,0.6027
Na1P1,0.8768
La2S5Zr1,1.1037
Ba1K4O9Si3,4.2213
Br9Cs3Y2,4.025
F5Te1Tl1,4.4606
Cs1Na1O3Ti1,3.7336
Al2O9Y4,4.3179
As2H2K1O8Sc1,3.838
Br4Cs1Ga1,3.3648
F3O4P1Sn3,3.7663
Cu2O2Tl1,0.7024
C1Ni1O3,3.0966
Cl1Gd1O3Se1,4.3453
As1Dy1O4,3.629
Cs1I3Sn1,2.3117
Bi1F6K1,2.9088
Mg3O6Te1,2.8942
As2Na2,0.7085
O6V2Zn1,2.4365
Bi24O40Si2,2.4215
Br9K3Mo2,1.0849
C1Ca1N2,3.5558
Fe1Na2O4,1.2168
Cr1F6K1,1.3351
In1Li1O2,2.022
K1O3Ta1,2.3223
H2O5S1Zn1,4.8567
Cu1F4Na2,2.6242
Ga1Li3Na2O4,3.2993
Co1K2S2,2.1099
Cu1La3S7Sn1,1.692
Cs2I4O11,2.8786
Mo2O16P4Sr1,0.9407
Cr1H5O5P1,2.8406
Cu3K3S8Ta2,2.4555
Ba1La2O7Sc2,3.7966
Fe1O7P2Rb1,2.3136
F15Mn1Na5Zr2,3.785
In2Rb4S5,2.1364
Ge1Mn2O4,0.3568
Ba2Nb1O6Y1,3.0843
Er1Li1O2,4.1293
K2O4U1,2.8751
C4H16N2S14Sb8,1.3506
O5Sr2U1,3.1449
F1H6N1Na1O4P1,3.4705
Mn1Se2,0.6998
Eu1F2,2.1001
Ge2K2O6Zn1,3.1089
Ge1Hf1O4,4.0601
K1Li1O7P2Zn1,4.6458
Li2Se3Te1,0.5334
Ba3In2O6,0.9182
Hg1I6Tl4,1.1361
Er2O7Ti2,3.1084
C5Ir4,0.4923
Br2C6H18N4S4,3.3787
H3K1N1O3P1,4.1174
Cl2Mg1O8,5.246
Cl4Hf1,4.1672
C2Ca1H10Na2O11,4.6268
Br4K2Pt1,1.9772
Al2O6Rb6,2.6592
Nb2O7Sn2,1.0459
P1Ru1Se1,0.3313
Cd1Li2S4Sn1,1.7731
O9S2Zn3,4.1937
Mg2Sb2Yb1,0.6498
Mg2O8Te3,3.4598
O5P1Sb1,2.5342
Eu2O7Ti2,0.2856
Ba1Gd2O10Si3,4.6625
Cu1Li2Sb1,0.5017
As2Cu3O8,1.1303
O4P1Tl1,0.7108
Ag3Ce1K2Te4,0.9785
Br3C1Li1N2Sr2,3.9829
Cd1O3Sn1,0.4537
Lu2O3,4.0078
Gd2O7Ti2,3.2742
As3Br1Cd2,0.7898
Gd1H2Na1O9S2,5.4779
Ba5Cl1O12V3,3.9612
O8P2Sr1Zr1,4.0926
Hg1O14P4V2,1.0656
Ca2Ge1S4,2.498
Br6Dy1Li1Rb2,4.1921
Ba1F7Ta1,5.8171
H1N3Si2,3.9838
Ni1O10P2V2,1.8635
Al2O5Ti1,3.4311
C1H4N2O2S1,2.9514
B6Br1K3O10,5.2096
Cu1F6K2Na1,1.6931
Ca5Co2N4,0.8072
C2H6O6S2Zn1,3.9555
Bi1Rb1S2,1.3503
Cd1P2Si1,1.4128
C2Eu1,0.4881
Ba2Er1Nb1O6,3.0934
Al1H6K2Li1,2.4832
Cl3Mo1O1,2.1089
Ag1La3Se7Si1,1.5795
B10O21Pb6,3.2545
Na2S2,1.2368
Hg2O3Se1,2.2985
O7P2Rb1V1,1.6959
Ca1Cr1O10Si4,3.2917
Dy3Fe1Ga1Se7,1.3962
Fe2O6Te1,1.1176
C1F3Hg1O3S1,3.2936
Au1O2Rb1,1.7621
As2H4O9V1,2.3413
B24C1Mg2,2.5023
Ba3S5Si1,2.8106
Br5La2,0.35
Na4O16Th1W4,4.588
Cu1H4O4P2,2.3415
C2Cl1Mg1Na3O6,4.2173
C2Cl1H8N1,5.3927
Al2Ca1H6O13Si3,5.0345
Cl2N2S2Se1,1.7654
Ba1O2Zn1,2.7836
Dy1O4P1,5.8931
O4Sb2,1.8861
As1Br1Hg3S4,1.5222
Se1V1,0.7125
Ca2Nb2O7,1.7677
Ag10O13Si4,0.7714
Cs1O12Se2V3,2.3299
As2Ca2H4Mn1O10,2.616
Ba3Cr2S6,1.0155
Ag1Cr1S2,2.0765
I4Mg2O12,3.4681
As2Rh1,0.2208
Cl3Mo1N1,1.8712
F11Na1Ni1Zr2,4.9654
Gd1K1O12P4,5.3267
Cl6Cs2Se1,2.7447
Cl4V1,0.9955
P4Th3,0.1344
Cl1F1Sr1,5.9298
F4Mo1O1,3.9131
Cr1Cu1O4,1.0843
Cr2O6U1,1.2059
Ba1In2La2O7,2.6364
Br2C4H11N1,3.9373
Ba1N12P6Sr2,4.1549
Cl8O12Si4Sr8,5.1009
F6K2Ti1,5.2108
K3S4V1,1.7799
O3Pb1Te1,2.6943
Sb2Se3,0.7661
B1K3P2,1.649
B2Ba4N4O1,2.8052
Mn1N2O6,2.7714
Li2O14Sr1Ti6,3.2233
Br1In1,1.1846
Cd3K2Se4,1.4777
Fe2Mo5Na3O16,1.0665
Au7I1P10,0.7518
I2O6Pb3Se2,2.7185
C2H13Li1N4,4.5459
O12S3Sc2,4.7330000000000005
N12P6S1Zn4,4.5708
Bi1F7Kr1,2.4495
Mn3O6Te1,1.1997
As2Cl13Sb1,1.1879
Ag8S6Si1,0.9747
Cl2Hg5O4,0.1785
Al6Ge6I2Li8O24,3.1355
F5O4Tc1Xe1,2.1089
Cu1K1Pd1Se5,1.1615
Na4S4Sn1,1.9182
Ag3I1S1,0.9618
B4H16N2,5.7249
F6V1Zr1,2.4329
Er2Se4Yb1,1.1078
Ba3Nb6O26Si4,2.5687
Ag1Cl1,1.9594
H1O8Se2Tl1U1,1.2835
Cu3F4O12P4Rb2,1.719
C1H4N3Rb1,3.604
Cl6K2Tc2,2.2552
Mn1Rb1Sb1,2.0535
Cl1Fe1Mo1O4,1.946
Se2Si1,2.1076
C4Cs2O4,2.6864
B3Ba4N6Na1,2.0496
C18H8O18Os6Pt1,2.2182
O7Pb2Sb2,1.6235
O6Se1U1,3.0296
Al2H4K1Ni1O14P3,4.1213
Er2O7Sn2,2.173
Cl1Cu3O8Se2Y1,1.3065
Al1Li3N2,2.9381
Ba1O5Se2,3.3775
Cr5Se8Tl1,0.2027
Cl11P1W4,0.6173
Te1Yb1,1.2874
Ag1C2N3,3.8945
Be1Ca1F1O4P1,5.1581
Cl1K1O3,5.4653
Ba2Ca1Mo1O6,2.1194
Cd1F6Ti1,4.9024
Cd1I6Tl4,2.1871
Cr1H1O2,3.306
As4Se4,0.1059
I4Mn2O12,2.8437
H1O8Rb3S2,5.2433
Br9Cs3Tb2,4.1296
Cl2Nb1S2,1.8629
La2Mn2O3Se2,2.272
C1Cu1N1S1,2.4282
P1Pd1Se1,1.0547
K2Ni2O12S3,3.4739
Al4C1N3O1,0.1589
Bi1I6Tl3,2.4839
Mn1O7Te1V2,1.7526
Cs3H1O8Se2,3.7174
C1Cl1N5S3,2.2897
Cs2F1O3P1,4.4036
Ca1O3Sn1,2.9496
Ca1Mg2Sb2,0.8074
Cu2Na1O2,0.9175
Mn1O3Ti1,2.1939
Au1Ga1O2,0.2012
Cu8S6Si1,0.9587
C2Ca1O6Sr1,4.7895
Nd1O4Os1,0.416
Ca2N3P1,2.5916
Li2O20P4U3,3.4168
H2O8Pb4S1,2.7869
Ca1Fe1O2,4.4275
Ba1Be1O4Si1,4.6026
Cd2O7Ta2,2.1169
Ba1O9Ti4,3.1942
In4Te3,0.087
Nb1P2S8,1.511
S4V5,1.2684
Ag1O4Tc1,2.341
N4Se4,0.8037
As2Ge1Zn1,0.1369
Se3U1,1.1145
B2Ba1O8Si2,5.4903
B5Ca2Cl1H2O10,5.013
Ag1P2,0.7696
H4I1N1O4,2.4219
Re6S11Sr2,1.36
Br3Cs1V1,2.3682
Br2Hg3S2,1.4729
K1O5Te1V1,3.2728
I2Li1O8V1,2.6185
Cr1F6Nb1,1.4033
As1S1,2.0748
Br1K1O4,3.0653
C1Cs1N1S1,4.3242
Mo2O8U1,0.5559
C6Cl3H21N2,5.3071
Ca2K2O12S3,5.3116
Br1C2H8N1,4.7066
Ba1La2O5Pt1,2.8437
B3O6Rb3,3.9303
Rb1S8V5,0.6755
Al1Fe1S7Tb3,1.7901
H3Li1Sr1,1.8148
Ga1In1Se3,1.3730000000000002
Cd1O4U1,2.6781
Ni1O4Se1,2.2177
C1Cl2H3N1O2S1,2.6397
Ba4O16Si6,4.5183
H1I1O3,3.2292
Cd1P1S3,1.7927
B1La1O3,4.3992
Cd1Er2S4,1.1836
Lu2S3,2.5639
Ge2Hg3K2S8,1.5247
Cs2F10O1Sb2,3.8687
Ba2Cl1N1,1.1134
O7Sn2Ta2,1.6339
H3La3O8V1,1.981
Cl3Eu3Li1O4Si1,2.4375
Mn1O4Sb2,1.6616
C5Cu1Fe1N6O1,2.3615
Gd1K1Te2,1.1107
Cu1O6S2Tl2,0.7784
Ba1Se2,0.6224
B2Cs1O6Ta1,3.4259
Ba1Br2,3.9155
Cl6Na1Nb1,2.483
Cl10K4O1W2,1.3473
C1O7Si1Y2,4.7771
Ag2O7S2,3.2331
O9Rb2Si3Ti1,3.6023
Cu6La4Mn1S10,1.6573
Li2O1,4.9035
Ag3O4Ru1,1.0807
Ba2Co1Ge2O7,2.698
Au1Rb1Te3U1,0.7166
Cl1H1I2K2O6,3.0557
Cl1H2Na1O5,5.2117
Li2Mn1O3,2.4527
B12C2H26N8,5.2437
C2Co1H2N4,2.4885
Ag3C6K2N6Na1,3.4254
Au3O2Rb5,0.9718
As3Bi2K3O12,3.3166
C1H1Na1O2,4.8579
Eu1K1Na1Nb1O5,2.0946
H12Ni1O9S1,3.7586
As3H2Na1O9,2.6092
Lu1N1,0.1988
Ba2Ce1Cl7,4.7423
Ag1Ge1La3S7,1.9576
Pd3Rb2S4,1.5056
Nb2Ni4O9,2.5821
Cd1Ga2Te4,1.0913
Cl1Eu5O12P3,2.5899
As1Cs1O5Ti1,3.187
Ag1C20Er1H14N6O10,2.5898
Cu2Rb2S4Ti1,1.8904
Cu1Pr3Se7Si1,1.3514
Bi1Fe2H1O9Si2,2.3607
Ba2Ho1O6Ru1,1.4580000000000002
Cl2H4Mg1O2,5.3435
H5O8P2Rb1,3.2719
As1Na1Zn1,0.6588
Cr1F2,2.8187
Al2Ca2Fe1H1O13Si3,2.4016
As2Ge1Mg1,0.5511
Mo1O4Rb2,4.29
N3Ta1Th1,0.2032
Fe2O12Se4Sr1,2.1546
B1Ba1S4Sb1,2.3609
H12Na2O9Si1,4.6813
Fe1Se2,1.1666
Nb1Nd1O4,4.1983
O4Sr1U1,2.5540000000000003
Ba3O9W2,3.45
Ag2Se1,0.0858
As1Cs2Na1O4,3.5199
Ag5Cl5Hg4P8,1.5764
H4K2Mn3O12P4,4.4353
Na2O11Si4Ti1,3.1783
Pt1S2,1.3673
Ag1Br1Hg1S1,1.7245
Na2O3Zn2,1.9363
Cl6Re6Te16,0.8896
K4O10P2U1,3.0261
Cs4O4Zr1,2.7375
Dy1Te2Tl1,0.6314
As2P2S7,2.6363
Ba2Ge4,0.4699
Ge3O12Sb4,3.2317
O12Rb2Sr1V4,2.7725
Br3Cs1Ti1,1.789
F10Fe2H2O1Sr2,2.0161
Al2Na6Te6,0.1555
Bi1Cs3,0.2221
N2Si1Sr1,2.8613
H8Mg1O12P2Zr1,4.2883
Cd2Ge7O16,2.1033
Br5K1Sn2,2.3456
Ba2Ge2Mg1O7,3.5553
Gd1K1O3Pd1,1.3214
Se8,1.625
Al1As2Na3,0.9018
Ge1H3K3O2S3,2.9612
H4Li1O7P1V1,2.1668
Ca3Ga3O14Si2Ta1,4.0274
Bi1Cu3S3,0.9926
Ca1Cl1H1,3.8508
Ge1S3Sn1,1.4327
Na2O7Si3,4.7019
Ba1Bi1I1O2,2.9603
As1Hg3I1Se4,1.2471
Bi2Fe2Mn2O10,0.4461
O15Rh5Sr6,0.3468
Al2O12P3Rb3,4.4222
Al9Fe2H1O24Si4,3.2288
O26Si4Sr3Ta6,3.2821
O8Rb1Sb1V2,2.7391
Hg1O3V1,2.0947
Er1O4P1,5.9282
B4Gd2O9,5.2317
Cl3O12Yb1,0.1025
Nb1Ru1Sb1,0.5958
Cs4O3Zn1,1.7916
Se4Ta1Tl3,2.2639
As1F6Tl1,4.6057
Cl3K2N3O5Os1,2.4642
O14P4Sb2,1.9122
Li7N4Ta1,3.2811
Cl1Cu1Te2,0.7259
Mn1O8Ta2Zn2,3.4629
F11N1S1Sb2,3.5455
H1O2Y1,4.671
Cl2Ti1,3.6424
P4S3,2.8255
Cl1Nd1O3Se1,3.4332
Ag2Hg7I6P8,0.8855
Ce1Cl3,4.2518
Cd1In2Te4,0.8859
B2Hg3O6,2.6726
Ga2Mn2S5,0.2423
H7Na5O18Se4,3.3054
C3Cl6H5O5Ru1Sb1,3.2053
F1N1Th1,2.1378
Cu1F4K2,0.8505
P1Si1,1.5912
Cd1Cu3O12Ti4,1.9273
Ba4Sb2Se11Si1,0.8865
Ba3Mg1O9Sb2,2.6497
Sb2Sn1Te4,0.18
Cl6Re1Se4,0.6019
Ca1H2K2O9S2,5.3914
Ce2S5Si1,2.4101
Li5N4Re1,2.9305
N5P3,2.6031
In2P4Sr3,0.633
Cs4S11Ta2,1.8293
Cd3Cl2O2,1.3086
Ag1Al1Te2,1.3626
Cs1Ga1S2,3.1012
Er1K1O8W2,3.4602
Ge2K4Se6,1.641
Al1H4K1O14P4,5.6256
F2I1K1O2,4.1651
Cl1Dy1H2O2,4.6456
Al2K6O6,2.8974
Ag7As1S6,0.7968
Au1Br4K1,0.7265
P3Ru1,1.3909
Li6N4W1,3.1463
Ba1S3Te1,1.9113
Br2Hg1K2N2O12,1.9587
Cs1Li1O4S1,4.8342
Cr1O7P2Tl1,2.787
Co1Ge1Te1,0.2668
C4Ca1Cu1H4O8,2.0194
Bi2Br1Ho1O4,1.3876
Bi1Cl6Cs2Na1,3.7101
Al1Rb6Sb3,0.2755
Cd1S4Y2,1.1465
Cu1F1S1Sr1,1.8567
Au1I4K1O12,2.1226
Na5O5Ta1,2.5173
B1C4K1O8,3.4978
Cl8O2Si3,5.5713
Ba1Ge2O5,1.7442
Er2O6W1,3.4865
S8Tl1V5,0.8132
Cl2Pd1,1.4917
B1Na2O3Rb1,2.9592
Cu1Na1O1,1.5592
Cr2O6Re1,1.7288
Cd1Cs1Er1Te3,1.5731
B1K1Mg1O3,4.37
Cd1O5Se2,2.9826
As1F11H1N1Te1Xe1,2.3572
C1Cl6H2O4Pb4,3.5821
C2N2S2Sr1,3.8216
Be1La3S7V1,0.4839
Ge1Pb2S4,1.9928
Ba4Er1O12Ru3,0.2853
Ag1F2,1.0258
S3Tb2,0.7359
Al1K1O8S2,5.5407
Cu3P1S4,1.3551
Ca1Mg2O12S3,5.6257
Cu1O3Ta1,1.4042
Al2Ca1O8Si2,4.7058
Mo1O11P3Si1,3.4472
As1Co1Li1O4,2.7494
Gd2O11Te4,3.2267
I4O12,1.9063
K2O9Si3Ti1,3.6826
Pb3S12Sn3Y2,0.4772
C4Cl4H14N2Sn1,3.0106
B2H8Zn1,4.8908
C1Na4O4,2.4562
Al2Br6N2S2,1.6394
Cl3Cs1V1,2.4061
Ba17O57Pt4Y16Zn8,2.613
Ag3O4V1,1.3736
C12Cl2H38N6O4,4.4667
B1F3Mg3O3,5.4045
Cl14H20O9W6,3.1935
Ge1Li1O5Ta1,3.8508
Mn2P2Se6,0.9148
O3Pb1Zr1,2.7832
Li3Nb1O4,4.0161
Al6O16S1Sr4,4.385
Cd1Cl4Cu1H8O4,1.7686
S4Si1Tl4,1.9911
Os1S2,0.4352
C1Mn1O3,3.6051
Mo2O8Pr1Rb1,2.7517
Dy2O2S1,3.0032
Cs2Ge3O9Ti1,3.2206
N1Na1O2,2.411
Ge1La2S5,0.4108
C6O8Tl4,2.9164
Al1Dy1O3,5.7524
C3Cl3N3,3.7439
Cu2Mo1O7Se1,1.3683
Ba1O8Se2U1,0.0372
Se8Ti5Tl1,0.1434
Li10O9Zn4,3.0186
Al6Br2Na8O24Si6,4.6079
Cu2Hg1Si1Te4,0.1252
O1P1Pr1Zn1,1.1883
Hf2Nd2O7,3.7793
Li1Nb1Rb2S4,2.4504
H2K1Mn1O5P1,3.2187
Ba1Cu1Nd2O5,1.8537
B1Bi1O3,3.0993
Na1O6Si2Y1,4.7023
Eu2O4Si1,1.9984
Cr1Dy1O6Te1,2.6483
Au2Cs2I6,0.6436
Cr4H4K2O16Zn1,2.5917
N2O3,0.9371
Bi1Er1Ge1O5,3.3242
La2Mo1O6,2.7462
Cr2Cs3I9,0.9459
Mo1Se2,1.1802
As2Ca1Mg2,1.2626
Br8Li6Mg1,4.6807
C4Hg1K2N4,5.8375
F6Pb2,1.8946
Cd1K1N3O6,2.3086
H4N2O8Pd1,2.4657
H8Mg1O14V4,2.1981
Cl13Li1Mo6,2.7598
H1Na1O7P2Zn1,4.9671
Al1Cs1O6Si2,4.7682
Fe2O12P4,5.0716
B3Be2O7Rb1,4.7938
Ag1Rb2S4Ta1,2.2981
F16Ge7,4.3563
Al1Na1Se2,2.1669
Cl9Cs3W2,1.2913
As2Ba3O8,3.918
Cs2F12K1Mn3,1.9926
B1La1O5Si1,5.1471
B1H1In1O9P2Rb1,4.1625
Ag1Hf1Rb1Te3,0.3569
Cl1Gd1H2O2,4.3951
Ba3O26Si4Ta6,3.2568
Bi2O2Se1,0.4046
C1Cl1H3O1S1,2.637
Cl10P1Ta1,2.3244
Cs2O4Ru1,1.3364
Cl2H12Ni1O6,3.943
H2O4P1Rb1,5.3973
H10In1N3O14,3.5276
K1P2Sb1Se6,1.7993
Ag3O12P3Tl2,1.0328
Br2Cs2F2,2.5258
Cu1Dy1S2,1.8708
Al3F19Pb5,5.1733
Be1H4N1O4P1,5.2355
Cu1Dy1Pb1Se3,1.3898
I2O6Pb1,2.702
Dy1O1P1Zn1,1.4215
Cd1O3Ti1,2.6187
Cl12Ta2Te4,1.1584
Bi3Na1O10V2,2.718
O4Pb1S1,3.9693
Cl1O12P3Sr5,5.0863
Ce4Cr1S7,0.3811
Ba1F1O3P1,5.2587
Hg1Rb1Sb1Se3,1.06
Fe4H42Mg1O46S6,2.0025
F6Ge1H12Mg1O6,4.5601
F3Mn1,1.4178
Co2K2O12S3,3.7924
K1Mg1P1,1.6783
B2Cs3Li2Na1O6,3.4148
Te3Tl2,0.4846
Ag2O6Te2,1.5179
Na4O4Pb1,1.3183
Al1As3Ca3,0.7268
Cl5In2Pr1,2.5874
Li1O2Yb1,0.1177
As1Br3Ca3,1.665
Au1Bi1K2,0.8939
B4C1,1.5133
Al5O12Tb3,4.4742
F1O1Y1,4.9305
C3F6,4.9107
Ba1Cu2Te2,0.7799
Cr1Na1O8W2,2.1643
Cl4Cs2O2U1,3.2293
Cd1Ge1Li2O4,2.5232
Hg1O2,0.1258
I4Si1,2.8119
K4O4Pb1,1.6839
F9Mn2O2,0.612
F6Rb3Tl1,3.1642
Co1In2S4,1.3128
C1H9N4O4P1,5.0044
Er2Eu1S4,1.4204
C4Cl2O4Rh2,2.5766
Br3O1P1,3.0634
Eu1F1Mo1O4,0.263
Ca1F6Pd1,2.6127
Au1Li3S2,2.4692
Sb3Sr2,0.0853
Ag2Hg2O12Te3,0.7387
Al1Na3P2,1.3954
Cs4O4Sn1,2.2168
O7Sn2Tm2,1.7741
I5K2U1,2.5557
C3H8N4O5S3,3.475
K2O2Pd1,2.0419
Co1H8I2O10,3.827
B3C1Ca4Mn3O15,1.6615
Li1S2Y1,1.9215
Ba5P4,0.9265
As1Be1Na1,1.2805
Ca1Cl2O4,2.5965
Fe1Ge1Si1,0.5115
Na1Ni1O2,1.1071
I10La6Os1,0.2005
F4Nb1,0.8407
K1O7P2Y1,5.2073
Fe1I3O9,2.4042
Ba1Rb1S4Ta1,2.595
Eu1H4Mg1Ni1,1.4979
Ag1O3V1,2.7578
Cu3Ho3Sb4,0.2881
Nd2S5Zr1,0.9543
C6H18N4O7S2,2.5892
B3Ge1O7Rb1,4.464
Cl2Sr1,5.2221
La1O3Yb1,0.6135
Ge2Mg1O7Sr2,3.5524
Ag4Mn1S6Sb2,0.2618
Ce2H1Li1O3,1.6379
Mo1Rb2S4,1.6779
Ba1Cu2S2,0.698
Na6P4W1,1.3528
Ag1Cd1O4V1,2.5884
Ba1Ce1Cu1Se3,0.9443
Cr11K3S18,1.2063
Br6Pb1Rb4,3.9035
La2Ni1O4.15,0.1826
As4Ca5H10O20,3.8273
Cu1H2O2,1.3408
Cl2O5Sb4,2.6454
Al2B4Li6O12,4.8994
Mo4O15Tb2,3.2243
Fe2H1O9Sb1Si2,2.3984
Ge3O9Rb1Ta1,3.4318
F2O2S1,5.8814
Ba3Bi1O9Ru2,0.8786
Cl10K4O1Ru2,0.9192
Cs1Fe1O8S2,2.1275
Ba1F4Ni1,4.0553
Bi12O20Si1,2.4188
Ba1Cr1O4,2.9151
Hg3S4Tl2,1.6149
H1Na1O4Si1Zn1,3.919
Ge2Rb2Se5,1.4909
O9Ti5,0.1304
Mn1O4Rb2,0.5381
B7Cl1Cr3O13,2.5976
K2Mn1Te2,2.0995
Cd1O6V2,2.28
I1N1Zr1,1.2338
O5Pb1Se2,3.2102
Fe2Rb1S3,0.3451
Cu1I1P4Se4,1.7506
As1F6I5,1.3823
Ga3Na3O12Te2,1.8954
Hg2O4Se1,1.36
Al12Cd8O24S2,2.7932
O7P2Si1,5.7707
Na2S1,2.4898
O14Sr5U3,2.9730000000000003
Br7Hg6Sb5,0.9636
H4Mg2Ni1,1.6614
Ag1Cs1N2O6,2.8760000000000003
Cu9H2O20P4,1.0258
Al1Ba3Sb3,0.4714
F9O6Y7,2.625
As1F5H6N2,2.6773
Ga1Nd3O6,2.9809
K2S7Sb4,1.5494
B3O9Sc1Sr3,4.8506
K4O7P2,3.7506
Cr1Na1O2,3.9408
Cs1O8V3,2.0518
O14P4Pb1V2,1.8659
B2Cu1O6Pb2,1.6512
Cl1Cs1N1O4Tc1,2.2967
H1Li2O8P2Sc1,5.0158
Fe5O12Tb3,1.6824
Cd1F6Sn1,3.5813
Ho1Se2Tl1,1.2472
Al3B4Nd1O12,3.9379
B4Ce1Cl1H2O8,5.5147
Cl2H1K3O6Pd1S2,2.4806
Al1H4Li1,4.578
Cl3Dy1,3.828
Ba1Cu1La1S3,1.1649
C6H17N1O2P2,4.4076
Er2Eu1Se4,1.2076
O3Si1Zn1,4.1238
Cu1Dy3Se7Sn1,0.9021
Bi2Cl1Dy1O4,1.4395
C2Cu1K1,2.358
Cl3Cs1Mn1,3.6364
Hf1O7V2,2.6438
Cu2Na2O11Si4,1.8972
Ag6Ba1O4,1.0606
O8Pb1Se2U1,2.8009
Ag5Ba2S6Y1,1.6829
As4Ba4Si1,0.9866
Bi1I1O3Te1,2.3425
Cu1F1Na1O4S1,1.6118
Cu1In1P2Se6,0.5455
Ge1In1Li1O4,2.3442
Fe1P2,0.9044
O7P2Sr2,5.1169
Li1O4Ru2,0.2346
Ca1Fe3O5,0.7217
Al3H3O10Si2,5.4663
F6Te1,4.3747
Cu2Fe1S4Sn1,0.2336
F6H8In1N2Na1,5.1269
I4In1Na1,2.4738
C2F6H12N6Ti1,3.2109
Co1Rb2Se2,1.9648
As1C2Cs1H6Se2,2.2279
H1K1O3Se1,4.2349
Br1In1Te1,1.8109
Ac1Cl3,5.0778
Ba1H7Re1,1.0019
I1O4Tl1,2.0324
Cl1H2Ho1O2,4.6708
K2Mo1O3S1,2.9715
F3Mn1Na1,2.7260000000000004
Al2B2K2O7,4.5918
Cu3H4Mo1O8,1.1872
Li3O4U1,3.0831
I4Te4,0.7568
K1Sb1Sn1,0.2278
Ba1Cu2O8P2,1.4327
Ca4Li2O13Si4,4.4449
La1O1Sb1Zn1,0.1615
Cl1Co1O3Sr2,0.2572
As2Na4O7,3.2115
Br2C1Gd2,0.3924
La2S5Th1,1.5035
Li1Mo1S2,1.0556
Ca1Na2O4Si1,3.3771
C1Ca2F2O3,5.1687
Ca1K1O9P3,5.0537
Ho1I1S1,2.7137
Ca1Hf4O9,4.4459
B6Cu3H2O13,1.3789
Br14Ir2Te14,1.2559
C1H1Li1O2,5.0310000000000015
Cl16Ru2S6,2.028
Ag1C2H9N2O2,3.56
Fe2O14P4Pb1,2.4154
C4Cl2O4Os1,2.3809
As1F6I1Se6,1.5593
Ge1Na1,0.6795
As1K1Se2,1.5678
La4N2S3,1.0816
Ge2O7Sr2Zn1,3.3413
F6Li3Ti1,3.355
As1Cu1S1,0.0439
Ga3Os1,0.6497
Br10C2La6,2.093
C3Cl3H10N1Sn1,3.3922
Mn3O4,0.5439
C1O3Tl2,2.9469
Ba4O9Ta2,4.0923
C6F9H13N4O8Ru1S1,2.5812
Bi5Cl12Ga3,1.803
C1H2N2,4.5395
Ag1F11Pd1Zr2,2.8378
Br4Si1,4.0852
Cs1Pr1S2,1.9283
Cd1H3N1O5,3.2961
Se2Th1,0.7249
Pt4Se6Tl2,0.584
Na10P6Sn2,0.2426
Bi2Br1Dy1O4,1.3449
Ba2C2Co1F2O6,3.9828
As2K3Nd1S8,1.6840000000000002
Br1H4P1,4.0279
Bi1F6Li1,2.7524
Li1O3Rb1Zn2,2.5859
Hg1In2Se4,0.6679
As2O9V3,2.4572
As1Br3,3.1141
Ag1Ba1O9P3,4.3204
Ag2O4Se1,1.3808
O4Se1Si1Tb2,2.6461
O4Sr2Ti1,2.4478
Cs1H6Li2N3,0.5914
B6O18Sc1Sr6Y1,4.6782
K2Sb4Se8,1.0995
Al1H8N4Rb1,0.1965
C2H8N6O6S2,3.4377
Bi2Mn4O10,0.7229
As2Ga1K2Na1,0.8371
Al2Ba1Ge2O8,3.4689
F14H18N6Zr2,5.5959
Al12O24S2Sr8,3.3438
Ca1Cu3O12Pt4,0.6796
Br9Os2Rb3,1.0751
Br2Cd1Sb2Se3,1.1284
Dy1K1O12P4,5.3362
Cu2Ge1Mn1S4,0.8818
F2Li1O8Si2Y3,5.2467
Os1S1Sb1,1.3007
Fe1Li1O10Se4,1.7238
Ge1Na2O5Ti1,3.6118
In2Mn1Te4,0.5116
As2Ca1Cd2,0.3132
Co1La4S7,1.7971
B3K1O5,5.5004
La2O12W3,3.7917
F6Pd1Zn1,2.0598
Cu1La2S4,1.6962
La1O3Tl1,0.3224
O3Pd1Sr2,0.9534
N5Nb1Sr5,1.1113
Cl2Hg3Se2,1.7767
Ca3Cr3O16P4,3.152
Li8O6Pb1,2.3445
Cs2F4Hg1,2.0283
K1Li1Se1,2.511
Al1Ba2C4Li1N8,4.144
C4H8I4Sn1,2.9810000000000003
Ag1H2Ni3O12P3,3.3159
Cs1Nd1O2,3.0005
O6P2Zn1,5.0495
As1Cl13P1Sb1,2.119
Cd1K2N12,2.8502
Al1Br3,4.1311
F7O3Os2,1.2503
Ba1Tb2Te4,0.782
Cl1Fe1Li1Mo1O4,2.2292
C4F12Ge4Se6,2.4062
Au1Cs1,0.7526
La2Se5U1,0.8707
Eu1Na1O4Ti1,0.2072
Co1Na1O4P1,3.5993
Bi2O6Ti1Zn1,1.5109
C6Fe1H6K4N6O3,4.5415
Al1F4Tl1,4.2369
O9P2Te2,3.4124
Cu1La1O8W2,1.7559
Cs1O2Y1,2.8353
Cl1H8N4P1,4.7552
Cl4K2Zn1,4.6885
C1Se2,2.5657
Ba3Ni1O9Ru2,1.1901
Be1La3S7Sb1,1.4992
Cl9Re3,0.9206
C2Cd1Cl2H8N4S2,3.5557
Ba3Br2Fe2O5,2.2038
C3H10N1O9P3Sr1,4.7732
K2O8Pb1S2,4.4575
Bi4Pb1Te7,0.3768
B2Ba1O6Zr1,4.1376
Na1Nb1Se2,0.522
Br9Cs3Mo2,1.2678
C2Cr1H12N6O4,1.3755
F6O9Si2Ti1Y4,3.2647
Cl7Nb3Se5,1.2743
As4Ba4Ti1,1.114
Cl1Er1Mo1O4,2.61
B1Cs1Se3,1.6356
C6Mo1O6,3.2341
Au1Br1Se1,0.3828
Cd1O4Rh2,1.8886
Ba1Cl4Zn1,4.9
Er1F1O1,5.1809
F11Nb1Xe1,2.5687
H8Na2O12S2Zn1,5.0346
Cu3O12Pb1Sn4,1.2768
F2K2O5P2,5.0323
O1,1.2933
H4K2N2O2Si1,3.8205
Al1Cs1O16P4Zr2,4.3384
B2C6F8Fe1O6,4.3797
H10Mn1O9S1,4.1221
Hg4I3Sb2,0.7319
Li4O4Si1,4.7803
Ag1Er1P2Se6,1.9226
Cs1Fe1O2,1.9463
Al4Bi4Cl16Te4,2.152
Mo4N14Sr10,1.3919
C6Cs2K1Mn1N6,1.4046
Br3Mo1Te6,1.2806
Au1Br8Te1,0.7962
K2Mg2O12S3,5.5605
Fe3H6Na1O14S2,2.1462
Br3Ti1,2.6145
La1Mo2O8Rb1,3.834
Ir1N6Na3O12,2.5849
H2I2O1Sr1,3.62
Er2O13Te5,3.0031
Cl2H6N2,5.4634
Fe2O6W1,1.761
Bi1K1Li6O6,1.5192
F4Ni1Rb2,3.868
Ni7O24P6Tl4,2.8331
F6Fe1H12N3O3,3.3252
Al1Cl7Te1,3.2907
N4O3Si3Y2,2.7868
In1K2Li1Mo3O12,3.6815
F5K2Sb1,4.6773
C2K1Nd1O6,3.0914
Dy1O9P3,5.5902
In4O7Rb2,1.6182
In2K4P4Se16,1.2338
Br2Cs1F1,1.7449
Al2As4Sr3,1.1469
Al1P1,1.6291
Ba2Hf1S4,0.8668
Au2Ca1F12,1.705
Ni1O6Pb1Sr3,1.1471
C1K1N3O6,2.1168
Au5O2Rb7,0.888
H4K1Li1N2O6S2,5.3243
Cs2Te2,0.981
Rh1Sb1Th1,0.77
Cl3Mg1Rb1,4.5941
Ge1Hg4S6,0.3735
K1O4P1Sr1,5.1137
Br3C3H9P2,2.6219
Mo1O6U1,3.0111
As1Na1Ni1O4,2.6732
Ba1Mg2Sb2,0.8467
H2N6Na4O13Ru1,2.4809
Fe1H1Li1O5P1,2.2395
Gd1O6Ru1Sr2,1.3899
Br4Hg3Te1,1.9065
Cd4I3Sb2,1.153
Cu1Ga2O10Se3,1.4349
Cd2Eu1P2,0.491
C2F6H18N8O2Si1,5.0071
Fe2O5Te1,1.6897
F4K1Mn1,2.1424
I1In1Te1,1.7447
Nb2S11Tl4,1.3369
Cl7Nb3Te1,0.9007
Li1O3Sb1,2.1418
N2O2S4,2.2865
As4Cl1Cu1S3,1.7607
Br17Nb6Rb3S1,0.5454
Ba1Ca1O9P2V1,2.3732
Gd1Na1O4Ti1,3.1108
Ba3Ga3Nb1O14Si2,3.5536
Cs1P1Pb1Se4,1.5993
Mn3Nb2O9Zn1,2.2575
Cl9P1V1,1.4883
Ba1O6P2,5.2728
Al2Ca3H12O12,4.1044
F5K1Na1Nb1O1,4.7093
B6Na2O11Zn1,5.0199
La3O7Ru1,1.2162
I3O9Tl1,2.2071
As2O7Sr2,3.3287
Cd1O4W1,3.0818
Ce1O8S2,1.4556
C3Cl3Ga1H9O1P1,4.8803
Ce3Pt3Sb4,0.4417
Ag1C4H12N1Se5,1.1868
C2H4N4,4.718999999999999
Fe1S5U2,0.6091
K1Nb1Nd2O6,3.4818
Au1C4H12N1,2.9299
F7Mn1Rb3,1.6061
Cl14Hg1Mo6,1.9382
Ca1Na2O8S2,5.4666
Fe1Li1P1,0.2308
Ca2N2Zn1,0.6862
F4K2O1Te1,4.891
F6K2Na1Rh1,3.267
Na2O3S2,3.891
Cl2O1V1,1.0114
O9P2V1Zn2,2.6504
Ba3S7Sn2,1.9546
Au1K1O8S2,1.5442
Bi1Ca1Li1,0.5572
F10Na1Sb3,4.9577
Cl6Na3Y1,4.9269
Cl7H15N6Ta2,2.3085
Br2F10Ge1,2.8416
Ge1Na1O4Y1,1.5619
Eu1Ge1Na1O4,0.2844
C4H1O4Rb1,2.704
Ca2O8Se3,3.4324
Cu1O4S1,1.1982
Ag1In1P2Se6,0.8170000000000001
As4Ge1Sr4,0.7536
Hg1O8P2Pd2,1.6481
Mo4Na5O16Tb1,3.8274
Eu1F1O1,0.2043
Au1F6Li1,2.104
Ge1S1,1.2001
O14Rb3V5,2.2216
Er2Se4Sr1,1.4335
Ge1Na1Nb1O5,3.1793
O12P4U1,3.4957
Ce5O16Zr3,2.3895
Ge4Na4S10,2.4646
Mo1O4Zn1,3.6616
Ce1H8O7P3,4.966
F8Na3Ta1,5.0915
Hg2O7V2,1.3306
As2Ru1,0.4795
Ca1H1Na1O4Si1,4.5049
H5K1O8P2,5.6103
Hg3Rb2S8Sn2,1.5592
Cs2F6K1Mo1,3.2826
Ba1Cu1O10Si4,2.3643
Co1O6Sb2,0.8757
Br1H1O1Sr1,4.3147
S4Tl4Zr1,1.5037
Al1F6H18N6Ru1,4.3818
Hg1Na2O2,1.6599
Cl10K4O1Re2,0.8194
H14Ni1O11S1,2.5647
Be1Se1,2.6684
Ag1Cr1Se2,1.5625
F4K1Mo1Na1O2,1.8448
Cl1H4N1O2,3.0568
F7Mn1Tl1Zr1,4.8116
Cu1O6Sr2Te1,1.2749
As1Bi1Mn1O5,2.468
Fe2Mg1O4,0.7408
F6Hg2Ni2S1,1.7934
Br3Cu1Rb2,2.4193
Cu3H2Mo2O10,0.8654
Al1I7Te1,1.868
C2N3Rb1,4.1578
Lu2O7V2,0.8849
Ce1Na1O7P2,5.0343
H7N1O6,3.5736
Ga3K1,0.1667
C1Cl4N1O1Sb1,2.1563
Cl4I1K1,2.3007
Ca1F4Pd1,2.2216
H2Hg2O11Se2Zn2,1.6399
Br4Ga2,2.9496
H2Li2O5Se1,3.9959
O23Rb6Si10,4.0259
Ba4Cd3S10Tb2,1.9228
Mn1Na6O4,0.9058
Ba1Co1Dy2O5,2.7807
O8Rb1V3,2.0663
C6Cd1Cs2Fe1N6,4.6859
F1Gd1S1,1.0746
Ba3O20Si4Te1Zn6,3.244
Ba1N6,3.8027
Au1Cl1,2.2841
Ag1P1Sr1,0.3619
F6K2Mn1,3.221
Dy2S4Zn1,2.3982
P1S4Sr1Tl1,2.052
Er2O7V2,0.8635
Ba1Cd0.333O3Ta0.667,3.6033
H2Mn3O10Se3,2.8109
As1H1O5Pb1Zn1,3.3683
Cu1Hf2Na1Se5,0.5599
Er1P1S1,0.1115
K5Te3,0.2099
As2Ca2Cd1,0.7214
Ba2Ge2O8Ti1,3.6586
K3O3Sb1,3.2404
B2Ba1O6Ti1,2.8853
B1Fe1O3,1.8807
K4O3Zn1,1.8656
Co1H1O5P1Zn1,3.7025
Li1O5V2,0.4016
Ga1O6Y3,3.7068
Eu2Ge1Se4,1.1479
Se4Si1Tl4,1.4379
Gd1O9P3,5.4341
Br2Ga6Na8O24Si6,4.093999999999999
Cr1P1S4,1.2708
Ag10Br3Te4,1.0639
S3Sn2,0.6513
Cu1Er1Pb1Se3,1.3374
Eu1N2O2Si2,2.31
C8H24N2O4S1,3.8867
Ag1Nb1Rb2Se4,1.1704
C10O10Re2,2.7060000000000004
Co1S17U8,0.7272
Be1Ge1Na2O4,3.6561
Cl2Hg3O2,0.2432
Ru1Sb1Te1,0.625
As1Li1Mo2O9,2.4898
Au2C10Cl8S8,0.2141
Cu2S3Si1,1.5881
K1O7P2V1,1.751
Ba1Fe2Se3,0.9067
N1O1Se2Tb3,2.0748
F1O1Tb1,4.9388
Br1Cu1Hg1S1,0.7317
In2Sb6Sr5,0.0623
H1O4P1Sn1,3.3813
As1Li1S2,1.0546
Hf1S5Tb2,1.1752
Mo2O12Y5,0.2946
S2Si1,3.0329
Ge1Na1O5Ta1,3.4204
Ca4Nb2O9,3.5131
As1F10H2Tl1,2.0047
Mg1Na2O4Si1,3.786
K2Mn1O4,0.473
C2Gd1K1O6,4.0778
Ca1N1O2Ta1,1.6646
Ag1C4N3,3.5748
Cl2O3Te1Zn2,3.7399
Gd1Rb1Se2,1.267
C2Cu1H4N2O2S2,0.7463
Al1Na1O2,3.8214
B1Cl2H4K1Zn1,5.0041
La1O9Ta3,2.9698
Cl1Pr1Te1,0.4313
Cl2H13N5O2Ru1,2.303
Na2Se3Sn1,1.178
Be2K4O4,1.1387
H4N2O3,3.2845
Ba2Cu2S5U1,0.9163
C4Co1K1O4,3.9054
K2Mg2O7Si2,4.9641
Ba1S3U1,2.2421
K2Mo1O6Se1,3.4168
C10Cu2H18N2O10,0.5043
Ba1Mn1S2,1.543
B2Ca1Li4O6,4.7387
Pt3Se8Ta2,0.7767
C4H8O8Zn1,2.6924
Ag3N1O3Se1,0.6065
Ba2Cl1H3,2.0925
H2K2Mn3O10V2,2.4302
Cd1H4Na2O10Se2,2.9479
C2K1O6Yb1,0.1617
C2Cl8N1Nb1,2.514
Er1F5K2,5.7778
Cs3F3Mo2O6,3.9403
Cu3F4H2O2,1.6403
H1O10P3Pr1Rb1,4.5654
Cu2H12N8O10,0.5146
Ge1Se2,1.4427
Ba1F1I1,4.0153
Cl1Hg3I1S2,1.3893
Ba4Li1Nb3O12,2.787
Br6Pb2Pd1,1.7329
Fe1Na3O12S3,1.9342
As1Cu1O4Tl2,1.777
Br2Sr1,4.3180000000000005
C1N2Pb1,1.7016
Al1Cl4Cu1,3.164
Ce1N1O2Si1,2.5115
Ag1C2Cl2F6N2Sb1,3.8385
F2Pd1,1.7963
In3O12Sb5,2.408
B1Ce1O3,4.3874
B2K2La2O7,4.0894
B4Ga3Nd1O12,3.5924
Sb1Se3Tl3,0.9541
Ge2K2O7Pb2,3.1528
Ge1Mg1P2,1.4898
As2In1K2Li1,0.6511
K3O14Sb5,1.2052
K4P2Se6,1.8868
Ga2Ge1La2S8,1.722
Pt1Yb1,0.0101
Cs1Te4,0.429
Cr2Hg1S4,0.4267
Au1Cl1F3P1,3.7832
Cl1H2Nd1O2,3.881
Ca12Li6N16O3W4,2.6632
Be1Cl2H8O4,5.3322
I3O9Y1,3.5341
Fe1K1O2,1.5221
K2S3,1.2573
Al20B4O36,4.9411
Ba2Ca1Co1F14V2,2.0851
S3Ti1,0.6993
Fe1Na3O8P2,2.2665
O4Si1Sr2,3.9342
Er1O14P5,5.4563
Cr5Na1Se8,0.7689
Gd1H2I3O10,3.5665
B2Be1C2,0.22
Mg1O6Pt1Sr3,3.014
Cl2H12N4O8Zn1,4.4466
Cl4Fe1Rb1,2.5302
Fe1H6Mg2,3.2485
C3Ca2Na2O9,4.785
Cl18P2Ti2,2.2411
Mg1Se17U8,0.7477
O4Sb1Ta1,2.4378
Ho4O7S3Si2,2.6247
C4O4Rb2,2.6721
Ce2Ge3O9,2.4641
As1Se3Tl3,0.7588
H7N3Na2O8P3Tl1,4.4510000000000005
Bi1H1O7Sr4,1.2619
B6Ba2Ca1O12,4.9619
I4O12Zn2,3.2698
C4Cr1H4O10Rb1,3.4204
Cl18Cu2Nb6Rb2,1.1171
B2Co3O6,3.1551
Ag1La3S7Si1,1.9253
C2Cl2H4N4Zn1,4.7302
Ce1S6Y3,1.0349
Cr1O7Rb1V2,2.1109
Mn1O4P1,0.3261
O8P2Sr1Zn2,4.4318
C6H16N6O6,3.0167
C2H9K1Mg1O10,5.0318
Ir3Si5,0.9462
H3La1O3,3.6173
Au1F11U2,1.3006
Ge1Rb1,1.0515
Cl2,2.478
Ga2Mg1O4,3.2910000000000004
As1Ba1O6V1,2.6658
Li1Mg1O4P1,5.4354
Ca1Ge1Li2O4,4.0553
Ca4O8Ru2,0.9857
In1K1Te2,1.0303
Mg1Nb2O6,3.6942
Ag3In1O8P2,1.9943
Hg1O3Se1,2.4812
Ca1Na1O4V1,3.6752
F8Li1Na1Yb2,1.1559
Cs1F5Pd1Rb2,2.9475
F11Pr1Zr2,3.9601
C7H7N1O5W1,2.5237
Ga2S4Sr1,2.7178
Ag1As1S2,1.7361
Ce1O3Sr1,2.9309
Au1F4Li1,2.597
Cd3O5Si1,1.1058
Ba1Ga1Ge1H1,0.0915
Co1H6O8Se2,3.4022
La4O7S3Si2,2.6271
Cl3Pt1,1.2142
F22Sr5Zr3,5.3504
Ca1Nb2O4,1.3227
C6Co1Er1N6,4.7845
C8Ga2H26N4,3.4513
Fe1Se0.875,0.1825
Cs1La1Nb2O7,1.8248
C2H6Mn1O6,3.8983
Cl3N1Se2,1.4067
F6N3P3,5.6849
N4O14Rb2U1,2.3757
Bi6Cr2O15,2.3493
S4V1,0.9547
Cs2Mn1Se2,1.9771
Ge1Mn1O4Zn1,1.0224
Al2As3K3,1.1933
Al1H1Li1O5P1,0.0241
Cr1O6Ta2,2.3571
Eu2O3,0.3961
I1La3S8Si2,2.6722
K2Te2Zn1,2.2178
Cu1O3Si1,1.6845
Ho1Na1S2,2.3109
Ni1O8Re2,3.7998
C4H6Hg1N4O2,3.8718
Sb3Sr5,0.3927
Ag1Cu1S1,0.4702
Al2Ba1S4,3.6494
Rb2Se15Th7,1.4456
Cl12O2S2Ti2,2.9037
C12Co2N12Zn3,5.1892
Cr1S1,2.1008
Fe1K2Li3O4,2.9664
Cu1F4Sr1,2.7510000000000003
Ba2F5O8Si2Y3,4.8449
Ag2Mn1O8Sr1V2,2.4108
Al1F6H12N3,5.7311
Au1C4H12Na1O12S4,2.0862
Cu1La3Se7Sn1,1.163
H3K1Si1,2.5037
Cs2H8O10Sb2,3.234
O12P3Rb1Th2,5.0003
H2O6P2Zr1,4.148
Br4In2,2.3423
Cl10U2,2.2316
P2Ru2Th1,0.2294
B12F12K2,2.6283
In4P8Rb12,0.478
Cs1S6Sb1,2.0816
Ag1N3,2.3008
Cu1K1Nd2S4,1.1276
As4Th3,0.0925
As2C1Cl4H2,3.4128
Pd1S1,0.2778
Br10W4,0.9902
Ca1Na2O7P2,4.9524
K2Pt1Se2,1.2836
Cs2I3Li1,3.8253
Mo1Na1O8P2,2.595
H6In1N1O6P2,3.957
Eu1I2,3.0917
Cl1N1Sr2,1.9362
Bi2In4S9,1.6633
Cd1H1O3P1,3.4975
Cl8N6Sb2,1.9282
Cs1O4Re1,4.2228
Cl11Cs1Hg5,2.733
F1H1Hg1O3Te1,2.9188
Ag1C2Dy1H2O9S1,3.4908
Cr2Fe1O8Rb1,1.8942
Ag1Na1O1,1.3073
F2Fe2H1O3P1,3.3234
Br4C8O8W2,1.8956
Ru1Si2,0.4152
O7Pr2Sn2,2.1716
Cl6Cs2Ti1,2.7465
In1O4P1,2.8757
Rb4Sb4,0.7043
Br6Pd1Rb2,0.5408
Ir2S3,1.1024
Ag2O6P1V1,2.1849
Ca1O4Tl2,0.0486
C2F6Na2O4Sb2,3.0761
Fe3O8P2,3.2045
Cs2Te1,1.7636
Br1K3Mo2O7,2.9904
Cl4Hg3S2Zn1,1.3119
O6Rh1Sr3Zn1,0.4132
I9Re3,0.8684
O9Rb6Te2,0.8625
Ag1O3Sb1,0.6067
C6Cl6H20N2Te1,3.1529
C4N6Ni1,3.0263
Ag2Ba1Ge1Se4,0.3686
Bi1Ca1O5V1,3.232
Cu3Er2Rb1Se5,1.3611
C6Fe1N6Pb2,3.7027
As2Li3Nd1,0.1347
F3La3O9Si3,5.332999999999998
F2La3Nb1O4Se2,1.8769
Pd1S4U2,0.7741
Co1K3O2,2.2163
Cu1H3O7V2,0.2667
C2Ca1H6N4O4,4.6835
Cd1K4P2,0.8259
Mo2O9Zn3,3.3185
Cd3O8P2,2.3165
Ba2O6Pb1U1,2.1499
F6Ge1Li2,5.9779
Ba1F4Mn1,3.3405
Na1Nb3O8,2.4026
B1H8N2Na1,5.1582
Cs1Mg1O4P1,4.4143
Ba3Mg1O9Ru2,1.0333
Mg1O6Pb2Te1,2.2442
Be1Ga1La3S7,1.1291
Li1O2Pr1,3.0593
H3La2O9P3,5.4958
La1O9P3,5.4716
Ce1H1O5S1,4.6145
N18W1,1.8939
Na4O4Ti1,3.2579
Fe3O6Rb5,2.1254
Ba1Cu3H2O10V2,1.1999
B1H5In1N1O9P2,4.053999999999999
Au1Na1O2,1.3159
Cl1Fe1O7Te3,2.0779
C1Gd2N6Si4,2.8628
Ge1Na1O5Sb1,1.9312
H2O4Sr1Te1,3.8467
Cl2N2O4Pd1Rb2,2.1268
F6Ni1Rh1,1.3412
Cs1H2N1O3S1,5.112
Ag1Ba7Ga5Se15,1.9932
Gd1K1O8W2,3.0503
B2O8Si2Sr1,5.4879
Cl5H3Ir1K2N1,2.6663
Br2O6Pb3Te2,2.5136
Cu1N2O6,1.1463
Cu1Na1Se3Zr1,0.4212
Ga2K6Te6,1.5597
Fe1Ge1O3,0.8486
K1Li1O6P2,5.2919
Ba1O2,2.2298
Ba1Ca1Fe4O8,1.5908
Ba1S4Tb2,1.7475
Cr1Li2O4,2.9446
As2H4O13V3,1.3615
Cl2N4S4,2.5553
Co1H2Mo1O7Se1,2.7561
Mo1O8V2,1.1882
Hg2Mo2O7,2.2641
F21Rb5Zr4,5.6193
C1H1O2Tl1,3.5038
Ba2Ge1S4,2.2396
Ba3Co1O9Ru2,0.9724
B1F1H4N1O4P1,5.7403
N2O14S3,1.4883
Ag3Au1Te2,0.578
S7Sb4Sn1,0.7638
C1Cu1H6N2O3,1.6473
Al2H12O15Se3,4.7702
Hg1P14Sn1,1.2101
K2Mn1O6Se2,3.7297
B6H6K2,5.0161
Cd1H10N4O8S2,4.3907
Al2Cl1H6Li1O6,5.1327
Ca2N3V1,1.7797
C1F1La1O3,4.6833
Cr1Cs1Li1O4,3.1632
In2Mn1S4,1.7028
Ba1Mn2O8,0.591
Co2Na7O6Rb1,0.4189
Ni1O6Pt1Sr3,2.7308
C1F3H2Na1O4S1,5.7503
Ba2Ga1Sb1Se5,1.7458
Ca1H1K3O8P2,4.9571
N2S2,3.0635
Cl6Mn1Rb2,0.6149
H4K2Zn1,4.1943
H2Li1O4P1,5.5878
Ge1K3S3,2.3646
Br6H12Mg1O6Zn2,3.9054
H2Mn1O2,1.8398
H12Mg1O10P1Rb1,4.8003
F3K3N3O9Sb1,3.08
Cu2Mg1O3,0.1395
F2Gd2Mg1Na2O12Si4,4.9034
K2O4Si1Zn1,3.8824
Ce1O8Zr3,2.4279
H7Mg3Tc1,2.9768
O2Rb1Sc1,3.5536
Br9Ta1Te1,2.2837
Ag1B1F4,4.8378
Cs1Cu3S2,2.0853
Br4S1W1,1.45
Ag3I1N2O6,0.1759
K1O2Pr1,2.8507
Cl6In1Na3,3.8789
C1Ge1H3N1O1,4.9944
B1H5Li1N1,4.128
B4Er1Mo1,0.3328
C1K1Li1O3,4.5879
Cd1H4Mg1N4O10,2.5708
Na6Se7Si2,2.1746
As1Rb1,0.5881
Al1Ca1H1Si1,0.3677
Fe1Na4O4,0.5885
Ho2S4Zn1,2.4036
In2O5Ti1,1.9759
Li2Ni1O8W2,3.0546
Br8Ge38P8,1.409
C2F6O3,4.3607
As1Cu1Se2,0.3278
C1O3Rb2,3.4407
Cu1Se7Si1Y3,1.5866
H5K3O14P4,5.3012
Cl3Nd1O12,2.3121
Cr1Cs1F4,2.6292
Hg2O4W1,1.9385
Cd1K2Se4Sn1,1.5659999999999998
Au1K1Na2O2,2.182
Mn1Na1O4Rb2,1.893
C4H7K1O10,3.3033
B3Cs1H8,5.9689
Bi2Fe2Ga2O9,2.3862
Cl1N1Ti1,1.2177
Dy2O13Te5,2.9919
Ba1O13Ti6,2.9205
C1H6N3O4Re1,3.7521
O1S1U1,0.4711
Na1Nd1Se2,1.7557
Al1Ba1La1O4,4.3891
Cr1Hg5O5S2,1.7359
Na5O5V1,2.2598
C2Cl2F1H13O8,1.1168
F4Fe1Rb1,2.8086
Na4O4Si1,3.2589
Cu1N2Ta1,0.8972
O7S1Te2,3.2724
K4Pb9,0.2578
Bi3F6N1,2.7938
B3O9Rb1Zn4,3.3923
Na2Pd1S2,1.2723
Cl12Mo1Te2,0.7458
C8Ca1H16K2O24Zr1,3.0768
C1O3Sr1,4.4409
Li1O5P1V1,1.3582
C4F1H12O5Re1,3.0392
Cl1Nb1O8Pb2Se2,2.6381
Ga0.5N0.5O0.5Zn0.5,0.8537
As2Cd1,0.2188
Cr2K1O8Tb1,2.7185
Ge1O7P2,3.7857
Bi1P2S7Tl1,2.2209
Eu4I6O1,2.9496
Ce1Cr1O3,1.7738
Ca1Te1,1.5517
Cl3Sc1,4.2628
Ge2Sr1,0.3574
Ba1O2.8V1,0.8744
Se6,1.5521
Ca3O7Si2,4.6225
F3Fe1Na1,2.6817
H4Hg2O9P2,1.9155
Cl16Re4S4Te4,2.3956
O5Te1Tl1V1,2.318
Mg2O7V2,2.6844
Cl1H4N1O4,5.2671
F3Ni1,1.2218
Na2O2Zn1,1.9566
Dy4Ga1S9Sb1,2.2148
H6K2Li1N3,2.0764
Ni1Sn1Th1,0.1326
Br3C3H9N1P1,2.6536
Ba1K1P1S4,2.321
F3Sb1,4.4925
Mn2O7Sc2,1.0503
Dy2S4Sr1,1.7934
Fe3H28O30S4,0.3720000000000001
Ba1Ni4O8,0.6098
Li1Na1O4S1,5.5321
H54Li4N18P14,2.125
Cd2Sb2Yb1,0.099
C1H3Li1O3,4.8684
Cu1K2O12P4,2.2828
F4H1Mn1Na2O3P1,3.2477
H1K1O3Si1,4.735
Br5Pr2,0.3852
Be1Cr1La3S7,1.1183
C1H4Ho2O7,5.0027
C1Cl1H5N1O3P1Zn1,4.9878
Bi2I1O4Pr1,1.2759
O6Sr2Ta1Y1,3.9588
Bi2Ca4O1,0.8198
As3Cl1O9Pb5,2.0179
K2Mn1Se2,1.9597
H6O10P2Zr1,4.4105
Cu2Ho2O5,1.5083
Cr1F6Na1,1.4593
Ba2Li3N4Ta1,2.3941
Li6Mn2N6Sr2,0.5549
Li2O4Te1,2.2707
F12P4Pt1,4.9912
Er1Ge1Na1O4,3.5756
Mg4Nb2O9,3.7637
K1La1Na1Nb1O5,3.4031
O4Pb1Se1,2.6324
Cl3K1Ti1,1.6826
As2C12H36Si4Zn1,2.7605
H5N5Na2O12Ru1,1.959
Dy1Pt1Sb1,0.2269
Br6O1Sr4,4.229
H9K2Re1,5.2155
H2K1O3P1S1,4.5252
Ca7N9Nb1Si2,2.061
Cu3K3S7Th2,1.2905
Ag2Ba1Hg2O4,1.7831
Cr5Rb1Se8,0.871
C4N4Pd1Zn1,4.7248
Ge2Li1N3,2.6957
Ag1F6Pd1,1.3395
C2K2Mg1O6,4.0391
Be3F12K2Mn2,4.5346
Ge1O4Th1,3.7576
Ag8S6Sn1,0.5904
Cs6Ge2Se6,1.5812
Al1I4Na1,3.4221
Cu1In3K2Se6,0.988
H4.001N1.667Rb1,2.1076
Al1C3H10N1,4.7605
Cl6S8W1,0.6954
Br3Cs1Cu1,0.3357
B2Be2Ca1F1Na1O6,5.008
Br7S1Ta3,0.9542
Ge1I3Tl1,1.8976
Br8Hg2Pd1Rb2,1.9634
Bi2Ge3O9,2.9809
Ag1As1F6N16O8S16,1.8788
Ag1H4N1S4W1,1.91
F5H2Mn1O1Tl2,1.4961
Cu1Nd1O8W2,1.5738
As4Sr4Ti1,1.4628
Cd2O7V2,2.6192
Ni1O10Te2V2,1.9008
F2O4Rb1S1Sb1,4.6754
K2P2Pd1S6,1.4409999999999998
Br2P4Se3,2.2324
I1Ta1Te4,0.4188
F5Fe1Rb2,3.4354
Al1F5H2K2O1,5.9783
F2Mn3O4Si1,2.1603
Br2Ga6Li8O24Si6,4.0245
C10H18N2O10Rh2,2.9343
Be1F4Yb1,1.9832
Br1Hf1N1,1.8906
I2Zr1,0.2706
Bi1K3O3,2.9960000000000004
Ge4K4Se10,1.7829
K1S2Sb1,1.5881
Cl12Mo1Se2,1.0021
Al2Cl8V1,3.2315
Cu1Fe1O3S1Sr2,0.7659
Ag8Se6Sn1,0.1505
C2H9N3O3,3.4404
Cu1Mn1O4V1,1.4132
Cs2H6N2P4,1.6855
Gd1Ni1Sb1,0.0879
Nb1O4Y1,3.695
Ag1F3Rb1,0.6152
Be1C4K2O8,3.3858
C4H4Mo2O15Rb2,2.5911
Co1Fe1O5P1,1.6656
C4Cl17Gd10,0.1387
B4C2H8,4.9183
Co1S5U2,1.116
Ga1In1O7Zn4,1.7557
H1O5Rb5Si1,2.5961
B1Cu2H2Li1O10P2,2.023
C1Li1Na1O3,4.3108
I1O3Rb1,2.8443
Al1La3S7V1,1.1635
Gd2S3,0.424
Al1I4Tl1,3.4384
O8V3Zn1,1.7794
As2Cu1Na4O8,1.8724
Cl1Eu1O3Se1,0.2152
La1Lu1O3,4.8726
O4Te1V1,2.042
O18P6Ru2,1.8091
I4P2,1.9243
Ag2H6N2O6Pd1S2,2.3103
F11Na1Zn1Zr2,5.8971
Ba1Co1Nd2S5,1.1782
Cu3Dy3Sb4,0.2605
Cu1Ge1Se7Y3,1.1728
Er6I10Ni1,0.5337
O6Te2Th1,1.4207
Ba1N10Si7,3.9161
B1F7Sn2,4.3789
Ag1Ba1P1,0.4031
Co2O4Rb5,1.306
K2O8Rb1Tb1V2,3.3951
Ba1Ca1Ge1,0.1603
Li1Na1Te1,2.2994
K2O8S2Zn1,4.0378
Al1Ni1S7Y3,1.6285
Ca2S5Sb2,1.4451
Ba1Fe2O14P4,2.3223
O8Rb2V3,1.8875
F6K2Mo1Na1,3.2818
Ho1Ni1Sb1,0.08
Ag1S2Sb1,1.3718
In1K1O8W2,4.4663
As2Cu2O7,1.0647
S3Sn1Tl2,0.746
H10N4O4S1,5.129
C2F4Te2,1.6583
Li2O3Sn1,2.6655
Ir1Sb1Te1,0.6609999999999999
H6Na4Ru1,2.6815
Cl3Cu1Rb2,2.6209
Cl1Li1O4,5.7527
Al1Cl7Se1,0.6498
C1Cl1F3O3S1,4.6043
Ba5Br6O4Si1,4.2574
Cs1F3Yb1,1.7844
As1Li3,0.6375
H12N9P3,4.5967
Hf1Se3,0.2577
Ca5Cl1O12V3,3.7067
Rh1Sb1Se1,0.6407
Fe1Na1O8S2,1.9751
Ba1Li1Sb1,0.6953
Ag2Ge1In2S6,1.3795
Bi2O9Si3,3.612
Ba1O14P4Ti2,2.9727
B3O6Pr1,4.2958
Mn1O3Sr1,0.8325
Cu1Er2Ge4O12,2.1857
Ca1H10O8Zn2,3.827
Al2Ca2O9Sn2,2.4409
Cs2O3Pr1,1.62
Cu1Fe1O5P1,1.7137
Dy3F1O12Se4,3.756
O4Pr1V1,2.7237
Ni1O6Sr2Te1,1.9323
K2O4Ru1,1.2694
H4Na2O7Te2,3.6908
As3Ca2Cl1O12Pb3,3.4436
O4Pd3Tl1,1.8488
Au1I1,2.2852
F7Rb3Ti1,3.5048
Br1N1Zr1,1.4569
Ge2Na6S7,2.4305
Bi4Ce3Pt3,0.332
Ag1Fe1O6Se2,2.2088
Ba3Br2O8Te3,3.2859
Bi2Ca1Mg2,0.4614
Ge2Rb4S6,2.2315
F1Li1N3Sr2Ta1,2.8989
Au1Br4H4Na1O2,0.9273
B6Ba3O12,4.7683
F1Fe1O4S1,2.125
F1O12Pb5V3,2.8175
K1Li1Mn1O2,1.1924
H2O6P2Rb1V1,2.0463
Ag1Ba1La1Se3,1.5307
K4Na2O6Te1,2.1164
O9V5,0.6508
Cs1H1O7Si3,4.8355
Ge2O7Tb2,3.6736
Cl18In4Ta6,1.2425
Au3F12La1,2.57
Ca4O6Pt1,2.6710000000000003
Ba3Nb2O8,4.4613
S9Sb4Sr3,1.0024
Ba1O5Ti2,2.2098
P4S6,2.3095
C1N2Sr1,3.6077
Br6Nb2Te2,1.8747
In2P2Sr1,0.2356
Co1H6N1O5P1,3.7901
Co1Li1O9P3,4.2157
Ba1Cu2Ge1S4,1.3203
O8P2Rb1W1,2.3156
B4Ba5F2O10,4.5061
As3Rb1Zn4,0.2386
B2Ga6Ge6H8Na8O24,3.5444
H4Na2O8Se2,4.087
Co2O14P4Si1,4.1988
O9Ta2Te2,3.3348
C1H4Na4O9P2,2.1347
F5Ga1H4Mn1O2,3.5076
F11Na1Pd1Zr2,3.1189
As4Na8Ti1,1.0531
Cs1Cu1Se4,1.1668
Na1O3,0.5441
Ba1Ge4O9,3.0076
Ba2Mo1Ni1O6,2.2815
Nb2O8Zn3,3.5821
I2Na4O1,2.2747
F8Li4Zr1,5.9495
H8Ni1O12Re2,2.7739
Al2P4Sr3,1.3332
Na1O8Pr1Se2,2.9041
Cl9Cr2Cs3,2.6377
Ca2Fe2H1O15Si5,1.2515
Ba1Cl2H2O1,5.1177
O3Rb1V1,3.0566
Li1O3V1,2.7705
Cl1Fe1N3O3,1.4676
Dy3Ga1O6,3.6261
Bi1Se2Tl1,0.2268
C2Ca2Cl2H4O6,3.5186
O8Se1Te3,2.6401
K3O9S3Sb7,1.8341
Ag5Cs1Te3,0.3686
Au1Cs1Se3,1.0566
Cd1O3Te1,3.1032
Al1C1H2Na1O5,5.0097
Ag3Cs1Se5Tb2,1.4128
O9P2Th2,4.9839
Cu1K1O4P1,0.2664
Ca1Se5U2,0.4262
C3Fe1N1O4Tl1,2.622
C1H1Na1O3,4.8668
H2Mn2O6S1,3.1028
Ho3O7Re1,0.93
Er1O9P3,5.7381
Cl5N4O1P3S1,2.6162
N2Na1Nb1,1.1427
Eu1K4P2Se8,0.353
Hg3Na2S4,1.331
As1Nd1O4,3.4046
Ag1F6Sn1,2.067
As2Ba4O1,0.6697
As11Rb3,1.4803
Cl6H22O10Sn1,2.7337
O7Si2Sr1V1,2.8811
Ag2Br1N1O3,2.4024
Ge1S4Sr2,2.2797
Cl3Rh1Te6,1.289
Cd1H4Na2O10S2,4.0841
B1C4Na1O8,3.5267
Al1Be1Na3O8Si2,4.3267
Ca1O4U1,2.7955
H6Na2Pt1,3.4738
K1Sb1,0.7395
O6Sb2W1,1.5272
Br2Ni5O12Se4,2.7646
Cu1Hf1Na1Se3,0.5281
As2C12F12N12Zn1,4.0432
C4H9N1O6Zn1,4.6461
H2Mg1O5S1,5.4933
H2Li2Mg1N2,2.3463
Ge2N4Si1,1.6369
In1O11P3Pb2,4.1015
B12Br1H12K3,4.8308
Na3O5Re1,2.5576
P2Se6Sn2,1.3238
Cu2K2S4Th1,0.9219
O3Xe1,2.105
Ca2Ge1,0.3218
Er1Pd1Sb1,0.0481
Nb5O30P7,2.8184
I2Yb1,3.2536
Ni2P2S6,1.2502
Ca1Ge2O6Zn1,2.7041
O11P2W2,2.5562
B12H12Sr1,5.9467
Cr1Li1Mo2O8,2.6863
Na6O5Pb1,1.1163
I1O5Rb3,1.8789
As1Na1O5V1,1.2952
As2Ge2Te5,0.3359
Ag3P7Sn1,0.7281
F3Rb1Yb1,1.0937
Al1F5Fe1,3.9355
P2S6Zr1,1.5137
Ag1Na3O2,1.325
Al1H24Li1Mg10,3.5922
Cl5K2N1Os1,2.2255
Cu1Er3S7Si1,1.9685
Ba1O4Y2,3.2446
O6Pt3Zn1,0.5419
La2O9Se3,3.5341
O38P4W10,0.246
Cs4P2Pd1Se8,1.5318
Ca1Ga2P2,0.2093
K1Na1O6V2,3.2254
Na2O7V2Zn1,3.3898
K6O7Ti2,3.3612
Cl4F1Sb1,1.4273
N2Se1Th2,1.4568
Cu3F7Na1,1.7858
Cl6Cr1Na3,2.7698
C2Ca1H2O5,3.5384
Bi1Cu2O6P1,1.0711
Mg1O5Se2,3.0188
Al2Mn1Te4,1.13
Ca3Ge3O12Y2,3.2159
Cu2Ge1Mg1S4,1.0877
C6Cu1Fe1K2N6,1.5914
Cu1Ir1O6Sr3,0.5446
Al2Cl8Yb1,3.8359
F4U1,3.3137
Cu7P1Se6,0.2144
H8Na4O16P4,5.105
Cs1O5Se1V1,3.0659
Dy4Mo4O11,0.3508
Br8N4P4,2.4867
B1C3.33N1,0.4948
Ag2Hg1I4,1.5048
As2Fe1K1O7,2.5312
Ba2Fe1S5Sb1,1.265
C4Li2O4,2.218
As1K3S3,2.5973
K1O2Sb1,2.005
Br2C2H6N2S1,2.5775
Cr3In1O8,0.2215
Br2La1S2Sb1,2.1622
H12N3O6P3S3,4.2064
Li6Na1O8Rb1Si2,4.5931
Mn3Nb6O11,0.4695
Cl2Co1O8,3.8741
Cl7Mo2O2Tl1,1.9465
O7Pb1Ti3,2.3466
Cl2H2O1Sr1,5.0385
Ba5Nb4O15,2.7886
Al1O4Rb1Si1,4.0669
Br4Cs2O2U1,2.3112
Mo1O6S1,2.9419
Cl5Nb1,2.4289
F2Na1O2V1,2.2125
C4Cl2F12N3P2V1,3.0099
Eu1P2Zn2,0.0087
F6Li2Pd1,2.3443
Bi2Br1In1Se4,1.2921
Br6Eu4O1,2.6533
K1Mo2O8Sc1,3.6916
C2H6Te2,1.5884
C5H12N2O5S2,4.3714
Ag1As1Se2,0.1532
As1Fe1Li1O4,1.7873
Au1Li1S1,2.1215
Cl14O8P4V2,2.0433
Fe1Rb1Se2,0.5479
Br7Ga1Se1,2.232
F4Li3Mn1O6P2,1.5713
Cl6Cs2Te1,2.7862
Ba2Dy1O6Sb1,3.4589
Fe2K4O5,2.0593
Ho2O5Si1,4.7176
Co1S1,0.2993
Au1F3,2.066
Bi1Br3,2.62
C1N4Sr4,1.2173
C2Gd1H7O8S1,4.8117
K2O2Zn1,2.4385
Ag3Rb1Se5Sm2,0.4778
Al1Gd1O3,4.9566
B1Li3O3,5.136
B1Ba2Cl17Zr6,1.0774
C2H6N4Na1O4P1,4.922
Au1Cs1O8S2,1.7280000000000002
S5Sb3Tl1,1.5802
K1O5Sb1Si1,2.8098
F6Li2Nb1,1.1915
Cs10K6Pb36,0.7219
As5Br3In4O12,3.1203
C4H5Na3O8,4.4636
O5S2Tb2Ti2,1.3523
H5N3O3,3.2058
Ag1P2S6V1,1.0091
Na2O7Sb4,3.0672
C3H12Li2N6O7S1,5.2243
H6O12Sc2Se3,4.6609
C3Cd1K1N3O3,4.2117
Hg2O5Re1,1.4925
H6K1Na1O6Te1,4.0776
Cs2S7Sb4,1.5933
Li2O4W1,5.0569
Os1Si1,0.6881
Ba3O11Te4,3.2332
Au1Pb4Rb3,0.3355
Be2Fe1O10Si2Y2,3.619
Au1F4Rb1,2.9536
H3Li1O2,4.7603
As1H2Li1O5Zn1,3.4253
Cl4H26O14Sc2,4.9396
Hg1Se4Sn1Tl2,0.5809
C2I4O2Pt2,1.7688
Cl1F1Na6O8S2,4.8067
Br3In1,2.5749
Al1F5Mn1,4.6434
H2In1O5P1,3.5036
Cs4P2Se9,1.4951
Cl1O4Rb1,5.4485
Ba1Mn1O7P2,3.9425
Cl3K1Ni1,2.7343
Li1Mo4Nd2O16Rb1,3.2875
Er1Mo4O16Rb5,3.9603
Bi7F11O5,3.9155
F1S1Tb1,1.2564
H4Na1O8P1S1,5.6172
B4Er1W1,0.2787
Br1C5Mn1O5,2.8219
H8Na2Ni1O12S2,2.1599
Ho1O2Rb1,3.6246
Mo6O24Rb8Zr1,3.7602
N8O6P6Sr3,4.4772
Br2N3S2V1,0.9145
N3Na3W1,1.811
As4Cu3K2O12,1.3952
K1Li1Te1,2.4325
Ge7H8N2O15,2.6986
C1K1N1S1,4.1119
Cd3Na2O10Si3,2.5724
Cl6Fe1Zr1,2.6635
B1Ca2H1N2,3.0063
Gd3Nb1O7,2.9847
Mg1O7Si2Sr2,4.4924
Nb2O11Te3,2.735
Cs1Ga1H4,4.9707
Cr1F3K1,0.5552
Cu6Ge1S8W1,1.1162
Na1P5,1.3845
Ag1O2Yb1,0.5006
Cs6Fe2O5,1.5322
Bi1O8P1Pb4,2.5622
K2Na3O10P3,4.3937
As1Cu1H1O5Zn1,1.8068
C4H16N9O16Y1,1.8766
K1Li1O1,2.3415
C1F7I1,4.6479
Cl4Gd1Li1,4.5031
Rb1Se2Tb1,1.9309
Rb1Sb3Se5,0.6985
B6Cr1H16,2.504
Ag5S4Sb1,1.0621
In2Mg1O4,1.9939
Cl1F3,2.5712
Cr1F6Mn1Na1,3.3972
H4O10Si2Zn4,3.7761
Cl7Cu2Rb3,0.2312
As3Cl1O12Pb5,3.056
Ag2K2Se4Sn1,0.8938
Ca4O9P2,4.4805
As3H1Sr5,0.6778
Ba2Bi1O6Y1,1.9341
Br12Ta2Te4,1.1602
Cl2H8N4Zn1,4.8805
Cl4Na2Zn1,4.8971
Br4O4Pb4Si1,3.1461
Be1Na2O4Si1,3.1217
K1La2Nb1O6,3.6476
O2Rb1Y1,3.6092
Cl9Cs3Sc2,4.2599
O112Si56,5.5293
H16Ni1O10P2,2.3189
Ni1O8P2Sr1Zn1,3.5463
K2O6S2Se1,2.9864
Al1H6Li3,3.6128
Ba2C3Cs2O9,4.3456
Cr3O12Tl2,1.716
In2Se4Yb1,1.3256
S3Sc1Tb1,2.0028
C2Cu1K2O6,1.7113
Cl2I1N3S4,1.6175
B1O3Pr1,4.3807
Au3La3Sb4,0.3921
B2Bi1F1O4,4.2181
O6Rh1Sr3Tb1,2.7987
Cd2O14P4Si1,4.1792
C5H14N2O2,4.3886
F1I1Sr1,4.2997
Al1Ce3S7V1,1.222
Br1N1Ti1,1.2036
K3O8V3,1.5359
C3H6N1Sb1,3.6923
As4Sr3,0.6253
As2Te3,0.3992
C1F6H6N3P1,5.1823
Ce1Cl1Te1,0.8327
Au2F8Zn1,2.2371
Ge1O8P2Sr1,4.0105
Ca3Ge2P4,0.7234
Ni1O4W1,2.6533
Ba1C2H6N2O3S2,4.2052
C1I4,1.0643
Pb4S13Sb6,0.8554
Li4P2Sr1,0.9659
Bi2Ga4S8,2.5457
C1Cl1Co1H12N4O7,3.7117
Cl6H5O2Sb1,1.8125
C6F6H24N2O2Sn1,4.2442
C1Cs1H4N3,3.7952
Nd1Se2Tl1,1.2152
In1P3Sr3,0.8432
As1La1O3,2.7532
Ce2O2Te1,1.876
F6Fe1Na3,3.0326
O7Se2Tb2,3.2247
C1Cl1H9N6,4.9263
Si1Sr2,0.345
I4Zr1,2.0584
Ca2Co1O3,1.6243
C1K1O5Pu1,0.2383
As1F6Li1,5.0362
Fe1K1Mo2O8,2.0982
Cl9Cs3Tl2,2.2046
Mo1O5Pb2,2.8726
H6Mg2Na2Ni1,1.8329
K1Nb2P1S10,1.5797
In1K2P2S7,1.9274
Cl2Hg1,2.8571
Cu5K1O13V3,0.8928
Ag1Ga1O2,0.9858
Cl1H5N2O4,5.388
Al1C4F4H14N1O1,5.2944
F4Sr1Zn1,5.8439
B2Gd1Li3O6,4.9187
Ca2O4Pb1,1.4857
O4Rb2Ru1,1.289
Ca10O24P6Se1,3.773
C6Fe2O6S2,2.5404
K3O7Sc1Si2,3.6504
Br2K4O1,0.9974
O13Te5Y2,2.9991
As2Ge5Te8,0.2353
Ag1Hg1I1S1,1.5383
Ge2Na2O7Zr1,3.6355
Mo2O8Sc1Tl1,3.8096
Ba1Ni1O5Tb2,0.4487
Re3Se6Tl2,0.9979
K3Li1Si4,1.5213
S12,2.4303
Cl9Cs3V2,1.4480000000000002
Ag2As1K1O4,1.0136
Ba2I1Na1O6,2.2127
Cl2O1S1,3.6047
As1Li1O3,2.9511
P1Pb1Rb1S4,2.3824
C2F6Te2,2.3993
C4Cd1Cl4H16N2,3.5407
C2I12Pr6Rb1,0.7136
Nd2O11Te4,3.2529
Co2Na4O5Rb2,1.526
F15Pr1Zr3,4.883
Cs2P4S16Ti2,1.7831
La1O11Sr2Ta3,3.1435
Cu1Ga1O2,1.0323
H11In1O13S2,4.0351
Na4O7P2,4.4257
C3Cl1H10N1O4,5.6129
P2Rb2Se6,1.1961
Na1O6Sr3Ta1,3.9969
Ca1H12O9S2,4.1093
Cr5S8Tl1,0.7912
Cs4H8O4P2Se6,1.6538
K2O7U2,2.6585
Cl9P1Te1,1.8015
B1H4N1O8P2Zn1,4.8051
K2Rb2Re6S13,1.3730000000000002
Cl10P1U1,2.5469
I10Mo3Te10,1.3143
As3Br1Hg2,0.8955
Cd3K2S4,1.8725
Ca2Li2O13Si5,4.7985
Er2O7Tc2,1.2928
K2Pd1S2,1.4718
Gd2O1S2,2.2764
C4N4Pt1Zn1,4.4262
Co1H9N6O6,2.7023
Ga1Na1Te2,0.2363
Cs1Na1Te1,1.9929
Ba2N8Si5,2.8762
Ga2H4K1Mn1O14P3,3.4986
Eu2F1K5O13Si4,1.9842
C2H5N3S2,1.4904
Al2Cd1O4,2.8029
P4Sr4Ti1,1.5498
K1P1S5Ti1,1.605
Ga2Se2Te1,1.6946
F1Nd1Te1,0.3329
O1P1Y1Zn1,1.4289
I12Nb2Te8,0.8758
I4Se1Tl6,1.6227
H12N2Ni1O10S2,2.4090000000000003
F5H3N1P1,2.6258
Ba5Br1O12P3,4.9747
H1O2Tb1,3.5396
H2Na2Ni1O6P2,3.724
Pd1Sb1Sc1,0.0713
Cs2O3Pb1,1.3914
Ag6K2S4,1.533
Ag1F3,1.224
Br2Co1H4O2,3.0891
C2Cl1H8N1O1Si1,5.0161
C2Cl6H12N6Sn1,2.4279
H22N8O18P6,5.117
C1Cs1H1O3,4.3221
Cu1F3Na1,1.8606
Fe6Na14O16,3.8474
O1Se1Th1,0.9607
As1Cu1F7,2.2119
Pd1S6Ta2,0.0626
C4H8In1K1O12,3.6044
H6N3O12Tl1,1.9123
I4Rb2Zn1,3.2734
Cu1O6Ta2,0.6679999999999999
Cs2Hg1O2,2.0494
Al1H1O4Si1,0.6314
Al4Na4P12Sr8,0.3101
Dy2O1S2,2.5649
La1Li1O4Ti1,2.9613
C6Cs2N9Na1,4.4051
Ag3C6H6La1N6O3,3.4969
Ge1Na2S3,2.4678
Cu2Ge1Mn1Se4,0.1957
Li1O2Y1,4.1054
Ag1Bi2Cl1S3,1.1319
Ba1Ca1O7P2,5.2674
Rb3Sb1,0.0985
Li1Ni2O10P3,3.5279
I2O8U1,2.8247
Er1O2Rb1,3.6486
F6Ir1Rb2,1.3072
Cs1I2Li1,3.7393
O9Rb2V4,2.0993
Co1N6Na3O12,2.5021
F6Li2Ru1,0.3888
Cu1Ho3S7Si1,1.8544
B2Mg1O6Sn1,3.0974
Ba1Cr1S2,0.3687
Au1C2Rb1,2.5761
Cu4O36P8Zn12,1.2174
Co1Nb1O4,1.156
Hg1Ho2O4,2.0885
Al5Ho3O12,4.6671
As1H2Mn1O5,1.9448
Cl1K1O2,2.3187
H5I1O6,2.3263
Cl6Fe1Hf1,3.3939
Ga2Hg1Se4,0.9513
Na3Sb1Se4,0.9729
B1O4Ta1,3.6319
Mn2O7V2,1.515
Ag1Ba1Nd1S3,1.7617
C2N2S2Sn1,2.517
C2Cl3Cu1H8N1,1.2562
Al1Fe2V1,0.7709999999999999
Ga3Li9O29P8,4.6754
Co1O6V2,2.5322
H4Li2Mg1,3.5256
Ba1Bi1O3,0.0723
Mo1O7P2,0.8594
Bi2K4O5,2.6385
K1O4Ru1,0.4642
K4N6Ni1O12,2.055
Gd1Na1S2,2.0856
Ba2S3Zn1,2.079
Ca5H1O13P3,5.204
B3K1O9Sr4,4.1857
Ba2Cu1O8Pt1Y2,0.9311
Er1I3O9,3.1183
Cl2P2S8Ti1,2.28
Ge1Pd1S3,1.7334
Ge1P3Rb5,0.6925
Cl6Ga1Sb1,3.8973
O3Sb1Tl1,2.146
Cl1O2Rb1,2.3849
O5Te2,1.6697
Ca4Cu3P5Zn2,0.1292
Cl3V1,1.5872
Cl1Cu3Er1O8Se2,1.3166
Ce2Cl6H28O14,0.0516
Au2C6H6N4Sn1,3.0028
Gd1Se2Tl1,1.0391
As3Na1O12Ti2,2.7643
Cu2Se4Si1Zn1,0.7509999999999999
Ba1O8P2Th1,5.2056
Fe3Li9O29P8,2.3801
H2N2O7Zn1,3.3025
Cu2O2Pb1,0.816
Al1Se2Tl1,1.6258
B1N2Nd1,1.9932
Hg1O6P2,2.5810000000000004
Hg2I1O1,0.9146
Co1Ge2O7Sr2,2.5576
K3Sb1Se4,1.422
F3O1V1,3.6215
As1Cd1Ce1O1,1.1226
Cl9K3W2,1.3764
Cs1Sb2Se4,1.1106
Ba1Ho2O4,3.2272
Ba1Mo2O16P4,2.1448
Cl5Co1H15N5Pd1,2.355
O8,1.3985
Li1O5Te1V1,2.6687
Ge1P1,0.4991
Al1Cl6I1,2.2643
Li7Mn1N4,1.3477
F2H1P1,3.7999
S16,1.4742
C4H16N2O6U1,3.1158
F7K3Si1,5.9154
Li4Mo1O5,2.7062
Cl4Mo1,0.8933
I2O7Ti1,2.6292
Co1Na6Se4,1.9995
Cd1K2O2,1.4062
Al2B2O7Sr1,4.6979
Br12Co1Ho7,0.4491
Ca1O6Sr2W1,2.9093
Ag1H2O4V1,2.7143
Bi4Cu3La3,0.1759
Co1H4N8,2.8691
H2O2Zn1,3.7046
K1Li1S1,3.0411
Mn5O8V1,0.7364
As3Rb5Si1,0.3824
C4K2N4Ni1,4.0213
O11Pb1V6,0.7324
Cd1O10Pb6Te1,2.097
Co1Er7I12,0.4268
Bi1Ir1S1,0.7434
Au5F21Tb2,2.2159
Cs2S6Sn2,1.4594
C4I2N4Pt1Rb2,1.4505
Be6Br2Li8O24P6,5.9274
F2O3S1Xe1,2.4555
As1Ce1S1,0.1917
As3Na1O12Zr2,3.7653
Ca2H4Mg1O10P2,5.3933
F1H6N1O2,3.4724
O4S1Tl2,3.7855
Eu1H2,1.6183
Ir1S1Sb1,1.1992
F6H6N2Sn2,3.9334
Li1O4Rb2V1,3.9322
Cr4K3O16P1,2.7060000000000004
Cl2O6Sr1,5.2247
Ge2K1O12P3,3.5968
C3Sc4,0.6658
Al1Cl4In1,4.1066
Er1K1S2,2.3695
Cl4H2K2O1Sn1,3.5819
O1P2Sr4,1.2247
C1H2Na2O4,4.1795
S5Ti1U2,0.2012
Ag2Hg1I2S1,1.6877
Ag1Pr3Se7Si1,1.4846
Ca1O6Ta2,2.6682
O4Rb1Re1,4.1595
Ba2Si4,0.7627
Fe1Li1O8W2,2.4309
I1P3Se4,1.6702
Li6O7Si2,4.7957
Hg1Rb6Se4,1.3496
Bi1Cu1Pb1S3,0.8219
Ba7F34Fe6Mn1,1.1106
N12Rb2Zn1,4.0533
Mg1O6V2,2.1558
H14N4O6Ru1S2,3.3158
B12,1.4514
Na1S2V1,1.2781
Bi1F6Rb1,2.7839
Cs1Mo1N3O11,2.6232
Ag1Hg2O4P1,1.3008
C5H12N2O1,4.6255
Cl1Hg3O4P1,2.3713
Ca3Na2O16Si6,4.3091
C8Co1H24Li1N8O12,2.7169
Cr1Cu1O3S1Sr2,1.7471
Cd1F6Rh1,1.3045
B12H12Tl2,4.5309
C1Cl2Sc2,1.0974
Ag1P1S4Zn1,2.4825
Ce1S3Sc1,2.1781
C3F9H18O18S3Y1,5.947
Au1Cs3Pb4,0.5468
Fe2S4Si1,1.5783
Br1Cd1S2Sb1,1.5759
O7Sr2Ta2,3.0319
Co1Rh2S4,0.9185
Bi1Co1Zr1,0.8662
Br3Fe1,1.589
In1O3Y1,2.1584
C4H9N1Se2,3.5357
Nb1O8Rb3,3.0317
B2Li2S5,2.4535
Br7Nb3S1,0.9191
C4H6K3O13V1,2.9663
Ca3I3P1,2.1567
F1K3O4S1,5.2212
K2O12S3Zn2,4.8444
Au2P2Se6Tl2,1.015
Ag6Cr1O8Si1,0.1747
S3Sb1Tl3,1.5419
Cu2Mg1S4Si1,2.009
Bi1K1,0.4206
Li4N6Si2Sr3,2.0817
C4Cd1Cl2H8N2,2.157
Cu1La1S1Te1,0.4969
Gd1Na1O2,3.7112
Er1Li1O12P4,5.7066
Al1F7Na2Ni1,4.7966
C6H12N10O2S2Zn1,3.7892
H10Ni1O10Se2,2.7577
Br1Cu1O2Sr2,2.7393
F1Ho1O3Se1,4.3029
Ge1Rb1S5Ta1,0.9676
Bi4Cl16Te14,0.5892
H6O6P2V1,2.6655
Ba2Mg1O8P2,4.0345
As1Br3F6S1,2.5125
Cd2Cu1O8P2,1.9551
Ag2Ba1S2,1.3456
Hg1I1N1O3,1.9435
As2Zn1,0.2795
Er2Hf2O7,3.0089
Cs1O18P5Ta2,3.0677
F6K3W1,1.3655
F8K3Ta1,3.9769
Cr2O11Te4,2.3331
Cd1P2Rb2Se6,0.2779
Ba2Fe1S3,1.7393
C4H20N4O12Pt1Zn1,3.4152
F6Hg2O1Zn2,1.097
Mg1Se1,2.5723
As6K6Na4Sn2,0.528
Br5Nd3S2,2.1248
Cl10N2Si4,5.0678
C3F3H6N3O2S1,2.196
Ba2Ce1O6Pt1,2.1884
C2H2K1O9S1Tb1,3.0367
Cl9S1Sb1,1.7722
Fe1La3Mn1S7,0.8046
Mo1O6Sb2,1.3963
Be4O7Te1,1.2905
As2Hg2O6,1.2399
K2O9Ti4,3.3329
Al1Cs1Te3,1.3332
Cu1Ho1Pb1Se3,1.3819
Ag1P2Sc1Se6,1.9382
O32Si16,5.6773
Cu2H1O5P1,1.0634
K2Te3Zr1,0.4362
H3O9P3Sb2,3.9215
B18Rb8Se18,2.1994
Ag3P6Si3Sn2,0.3779
Ag1F4K2,2.104
O4Pd1Se1,2.1175
K1Li4Nb1O5,4.1034
Cu2Ge1S3,0.3555
Cu1O4U1,1.189
Cl1La1Se1,1.2875
As2In1O7Rb1,2.5657
Er1Te2Tl1,0.6179
Gd2Na2O10Ti3,2.529
F1In1O1,1.5028
C16Co4O16Sn1,2.121
F4Pd1,1.0332
Cd1Cs3I5,2.8801
B6Cs2O10,5.2676
Bi3I1In2Se7,1.2242
Ba1Ca2O9Si3,4.5666
Nb1Se4Tl3,2.1922
H4Li2O8S2,5.1622
Ag1Bi1Cl2S1,1.385
Ag6Cl1F3Mo2O7,2.5141
F3Pr1,4.1858
As1Li1Ni1O4,2.7015
Cl4Cr1Cs2,1.919
S8Sb5Tl1,1.5353
As1Cs1F4,4.6001
P1Rb3S4,2.7528
F8Na2U1,2.9197
O1Yb1,1.0551
C6Cl6H20N2Sn1,2.6685
B1H8Li1N2,5.6044
Dy2O12W3,3.6875
F24Sb2Xe6Zn1,2.6096
Na6O9S2,3.0301
B8H30Mg4,5.7318
Na2O4W1,4.8971
Co2La2O5,1.2392
Ba1Mg0.333O3Ru0.667,1.0313
Ga2Pb1Se4,1.7662
O8P2Rb1Ta1,3.4979
Ca1O8P2Zr1,4.343
As4S5,1.9759
Li2O3Pr1,2.1971
Cu1La3S7Si1,1.7804
Br6N3P3,3.0446
Au1O1Rb1,1.683
H6Os1Sr2,2.8831
Hf2K2O5,4.4319
Nb6O16Sr1,1.9211
Ba2O9P2Te1,3.4237
F2H4N1O2P1,5.1965
Ba1H2O14Se4V2,2.2842
Cl1H6Na1O5,3.0155
Be6Cd8O24Se2Si6,2.9344
Pt1Sb1Y1,0.2921
Cl1In1O3Te1,3.1460000000000004
C2H1K1O4,3.1303
Eu2O11Te4,0.0684
B12O24Se2Zn8,4.9395
F5I1,4.6986
Ca1Fe4O6,0.4599
O8Se2Te2,2.9358
O24Rb4Si8U2,3.8019
C3Cl1H10N1O1,5.3205
In5Rb1S8,1.3574
Cl3Ga1H15N5,4.3997
F7K1Sn1Zr1,4.2004
Cl2Ni1,2.9132
Ba3N4W1,1.9761
Br3Cr1In1,1.5882
F4Ir1,0.8621
Cd1Ga2O4,1.77
N1Na3O4,3.7952
F5Fe1H4Mn1O2,0.4453
Bi1Cd1I1Se2,1.3231
As2O8Pb3,3.2962
Ag3Au1S2,0.6432
C2H16N2Na4O16P4Zn1,4.7724
Ba1Ga1Nd1O4,3.7191
As3Sr4,0.5868
H16N4O12P4,5.2523
Ag1F10P1Xe2,2.5082
O8P2Sr1Ti1,3.1335
Cl16Ge6,3.1475
C2Ga2Ge4H10N2O12,3.4815
Ag2S4Sn1Zn1,0.4716
Cd2Cl2P1,1.1448
H4Mn2O6Si1,2.4643
K1Ni1O9P3,4.5568
La1O9V3,2.5904
Cu1Ge1Pr3S7,1.7907
Ba2Mn1Te3,1.2736
Mo4Nd2O18Sb2,3.1654
Cl6O1S6Ta2U1,2.1659
Cs9F27Ni9,4.3123
Cu1Ge1Se7Tb3,1.1685
Na5O6Re1,2.3326
Ca1Na10Sn12,0.6638
Hg1O6V2,2.0209
Ba1Cu2Ge2O7,1.4083
Co1F3Na1,4.1647
N7P4Rb1,3.6988
C1Cl1H5N2O4S1,3.0297
In2Li2Se6Si1,1.5216
Cl4Tl2,2.2083
H1Rb1,2.9084
K6O5Pb2,2.1205
C5I1Mn1O5,2.6333
Hf1I1N1,0.9753
O8Pb2Te1U1,2.6856
C4Cr1H4K1O10,3.4238
B7Cr3I1O13,1.8595
F6Li2Tb1,0.3403
Cu1Pr1Se2,0.9738
Na3O5Os1,0.8953
Ag1Ga1P2Se6,0.8267
H8O16P4Rb2Zn1,5.1626
O9P2Zr2,4.1099
Br2Ni1,2.2291
Ba3Ca1O9Sb2,3.1721
Cl1O4Rb1S1Zn1,4.9526
H1Li1O4S1,5.9761
Au3Ge1Na1,0.1229
C8H48N24O24Pt1W6,3.1975
Ce1Os4Sb12,0.1165
Mo1O6Pb1Se1,2.0422
La1N1O2Si1,0.8282
Bi1Cs1Ge1S4,2.024
Br2Nb1S2,1.6408
In1Li1O7P2,4.0919
B1K1Na2O3,2.8235
B1S3Tl3,1.3962
C2H1N3,4.4076
S1Tl2,0.7436
Ag1Gd1Se2,0.9889
Br6K2Pt1,1.1032
C1Dy2N2O2,3.9777
Ba1Ga1H5,3.1114
Cl4Cs6O1,1.9951
C3O9Rb2Sr2,4.472
Se8Tl1V5,0.5687
Bi1Cs2F6K1,4.9296
H6O14Rb2W2,3.0557
Cs2F6Fe1Na1,3.8002
Ba6Mn5O16,1.4355
B1Dy1O3,5.3748
Ca1Ga1Ge1H1,0.4665
Ag1Cs5O9Si3,2.5436
S4Sb2Yb1,0.9382
C1F3I1N2O6,3.3266
Li3O4Ta1,4.6408
F4Pt1,1.5603
Ga5H1O8,2.2874
Cd4K6Se13Sn3,1.2136
P2Rb1S7V1,1.4878
H2O8P2Ti1,0.9748
C3Cd1N3Rb1S3,1.8812
K2O15Si6Ti1,3.7486
O4Sb1V1,0.2038
As3H5O10,3.0051
Na4S10Si4,3.5173
Cr2Li2N8O1Sr6,1.8679
As2O4Pb1,2.8502
Na5O16W4Y1,4.5431
Ca1N2Si1,3.4312
As1Cu1H1O5Pb1,1.2217
Ca1Si1Sr1,0.417
Ba1H3Na1Pd1,1.5473
Bi1F4K1,3.2588
O11Ti6,0.6087
Cl4Cs3Li1,4.7437
As1Li1Mg1O4,3.4614
Hg1O3Ti1,1.366
Br4In1K1,2.8754
Br1Cr2O4P1,2.1121
C4H4N4O2Pt1,3.4225
I4Ti1,1.4429
Ba1Dy2Te4,0.7822
F1H4Na1Ni1O6S1,1.5234
Ba2Ho1O6Ta1,3.5027
Br1H1K2O1,3.5024
As1La1S1,0.1821
Au1Gd3O6,1.8622
Cl4K2Mg1,4.7626
Al3O27P9,5.5174
Ba4Ce1Mn3O12,1.8652
C2Mg1,2.5559
C2H8I3N1Sn1,2.7512
As1Na1O4Zn1,3.1207
Gd2Hf2O7,3.4526
Fe2O14P4Sr1,1.4656
As3Ba1H1O11Zn2,2.5298
Ca1Cl2H4O2,5.3547
F6I5Sb1,0.9333
C1La2N2O4Si1,4.1984
Ag1K2Sb1,1.1821
Br1Ce2S5Sb1,1.4629
O30P6Re2Si4,2.17
B1F9Sn3,4.3667
Br4H10O5Sn1,1.8842
Cr2O6Te1,1.5291
Bi1N1Sr3,0.2632
F7Pb2Rh1,2.7824
Na1O6Si2Ti1,2.8943
In2O7Si2,2.8222
Cl1K3O1S3W1,2.5795
Er1P1S4,2.143
P6Sn2Sr5,0.305
C4Cd1H8N6S4,3.3104
C4Hg1N4S4Zn1,2.4899
Ba2N3V1,1.4631
Bi2Ho1I1O4,1.3976
Cu1Gd2K1Mo4O16,1.4048
B2Li3O6Sc1,2.5509
Ce2O7Si2,4.6038
As2Ge3Te6,0.3416
F19Li3Zr4,5.5227
Br3Ca1In1,3.1194
O6Rb6Tl2,0.0835
C1F3I1,3.7091
C6Co1K3N6,5.1398
B5Na3O10Sr1,4.5837
Li4O5Se1,2.4467
Cl10Nb1P1,2.3217
Ba1Ge2S5,2.1547
Ge1Li2O3,3.5103
Al1C3Cl2H8N1,5.4131
Cl3Mo1,0.7437
K6O1S6Si2,3.1378
I6Nb2Se2,0.8859
Mo1Na2O6Se1,3.5597
Br1O12P3Sr5,4.9392
K2Mo3O12Th1,3.5082
C4Cl4H12S2Sn1,2.4318
Ag1Au1F4,2.1832
Cs2O2,1.6429
Ge2Na1O12P3,3.7664
K2S5Sn2,1.1894
As1Cl3F6Se3,1.947
I4Li2Zn1,3.4004
C1Cu1O3,0.7293
Li1N3Si2,5.0108
Ho1P5,0.0858
Br2Cl2Cr1Cs1H18N6O8,1.4245
Fe1K3O2,1.5872
C4H12N2O9S1U1,3.1691
Au3C6Co1K1N6,2.6851
Cu1Mo2O8Tb1,2.1054
Na1O4Pr1Ti1,3.1373
Fe2K6O6,1.9597
Cr1O4Sr1,1.4434
F4S1W1,3.1999
Al1As3Cl4Se4,2.3918
Br2Co1H12O14,2.482
Ca3Mn1O6Zn1,2.4439
O9P2Si1V1,2.4821
Fe1Se5Th2,1.2138
Cl8O9Re4,0.9843
La2S5Si1,2.4684
Cr2Li4N6Sr2,1.4137
C3F1H7N1O5Sn1,3.1303
B1K2Li1O3,3.5977
As3K5O10,3.0374
I2S1Sn2,1.6433
B4O7Pb1,4.2018
Br10Co1Y6,0.1781
Br1Dy1S1,2.8683
H1Mn1O2,2.3746
Pb2S5Sb2,1.0246
Bi3Cl5O10Te4,2.3712
Ca1Li1Sb1,0.6278
C4Co1F3O4Si1,4.1019
O6Sn1Ta2,2.5264
Ba4In2S8,1.9509
Hg1O3Te1,2.2504
Cl16Re4Te8,2.2588
Ge1Li4S4,2.446
Ba2Cu1O7Si2,1.4275
F8Na3Pa1,4.2176
F6H12Mn2O6,1.7789
Eu1O4Sb1,0.5429999999999999
Mg1O6Pt3,0.6517
As1La1Te1,0.1031
Cu1Nd1O1S1,1.7747
Ca1Ge1Sr1,0.4311
O10Si3Sr1Y2,4.9216
H8Mg1O16P4Rb2,5.2786
B1Cl1F4O2,1.913
K2O4W1,4.4961
Cd1Cu2S4Sn1,0.0985
P14Sn1Zn1,1.2178
Ba1S5U2,1.109
Fe1Na4O3,1.1001
P4Se3,2.1779
Br3Pt1,0.997
H1Ho1Se1,1.4943
Br10Re2Te6,1.4117
B1O3V1,1.4972
Al12Cd8O24Te2,2.6486
Ca1F6Ti1,5.0763
As1O5Rb1Sn1,1.823
Co4Na10O10,1.6708
Be1Br2,5.1884
Ge4Na4Se10,1.5375
I0.33Nb1Se4,0.1788
O8Ta2Zn3,3.9888
Cd1Cs1Tb1Te3,1.5589
H2Mn1O8Se2,2.1628
C4H8Mg1N6O4,4.7816
Ca1Fe3O12Ti4,2.0071
Cs1Mn1O4,2.2268
Rb4S4Sn1,2.2558
H4N1O4P1Zn1,4.5345
B1Ba1Na1O3,3.6641
O1S2Tb2,2.523
Ag2S3Te1,1.5496
F1K1Nb2O6Sr1,2.1481
Cu1Ge1Ho3S7,1.8149
Hg2O5Te1,0.5163
Ge1In4S4,1.1202
Nd2O2Se1,2.0976
O4P1Tl1Zn1,3.8841
Cl2N2S1Se1Te1,2.0980000000000003
I6O18Rb2Zr1,3.3802
Ag2C2O4,3.1126
Al1Cd1Ce3S7,2.3963
Eu1Ir2P2,0.4616
Cl12Os1S2,1.0225
Cl2Ru1Te8,0.2019999999999999
B1K3S3,2.7088
F3I1,1.7286
Bi2Cu1K1S4,0.8853
Ag1O1P1Th1,0.1416
C2Hg2N2O1,3.0592
C2Cd1Cl2H12N8S2,0.6816
Li1Mo3O16P3,0.9683
Ba1Cd1S2,1.6869999999999998
Ca1Mo4O16U1,2.6265
Ca10Li1Mg1Sb9,0.9173
Mg2Na1O10V3,2.8154
K2O7Sr1Ta2,2.3326
Ca1Cr1H2O5,2.8855
C2Cl5H6Se1Ta1,2.5211
Ba2Cl1Co4O7,1.3395
Ho3Pr1S6,1.0005
Cl1La1Nb2O6,2.9569
Bi1Br1Cu3O8Se2,1.12
Ag1Ba1S6Sc3,1.9257
La1Na5O16W4,4.7344
Fe1H2Na2O6P2,3.677
Au1C2K1N2,3.4536
Cl4Cs1Ga1,4.5275
O11Tb2Te4,3.2423
K2Na3P3Si1,0.8876
Eu1N7Si4Y1,2.2053
O10P2U2,2.4895
Mg1Mo2O7,3.5087
As2H24Ni1O24U2,2.7503
Ca1O5Se2,3.4861
Cs3F6Y1,5.327999999999999
K2Mn1P2S6,1.5114
Al6Cl2Ge6Li8O24,4.1399
Mo1O6Rh2,0.0544
Mo2Ni3O11Se1,1.7666
N2Ni1Sr2,0.8939
C1Cl14Zr6,1.2782
As1C3H10I1,3.5779
Li1Mg4O12V3,3.2849
Ba1O10Sc2Si3,4.9974
Cd1Cl6K4,4.0864
K2Mn1O7V2,2.5124
Cs2Na1O4V1,3.915
F31Rb7Th6,5.7729
Ba2Mg1O6U1,3.0655
I6Mo1O18Rb2,1.087
Al3B4O12Y1,5.3541
Fe1O12P3Sn1Sr1,2.7457
Ba3Ca1O9Ru2,0.9497
As5Cs3O9,3.1337
Fe1Na1O4P1,3.4946
O10Ru3Sr2,0.3939999999999999
H6K2O6Pb1,2.1431
Li1N1Sr1,0.2581
Cl5Fe1N4S4,1.5445
As4Cl7Hg6In1,1.3901
I4O12Zr1,3.1716
Cl4Re6Se8Tl2,1.5896
Bi2Br1Lu1O4,1.4099
Ag1F12Sb2,1.6978
Ge4Se10Tl4,1.4272
Pb1S3Sn1,0.8836
N1O2Sr1Ta1,1.1072
Hg1K2S2,2.1194
Bi2C1O5,1.1352
B3N6Na1Sr4,1.9698
Ba4O1Rb1Sb3,0.9377
F3Ga1,4.9226
Br14Cd1W6,2.2565
Cl8N1S2Sb1,1.8352
O3Pb1S2,3.5498
F12Sb2Te4,1.1615
H2Mn2O5S1,2.0508
Er2Pb1Se4,1.8046
Eu1Nb2O6,0.7135
H3Na1O2,4.3577
Ir1O7Pr3,0.2165
F3Hg1Rb1,0.6536
O7P2Rb2Sr1,4.7168
C8O4Se2,1.4901
B6H2O13Sr3,5.0557
C1Ga1N5Sr4,1.4503
In2O6Te1,1.1271
Mo10O34Tl8,2.4418
Ga2I8Pd1,1.3756
C12Ge1H36Sn4,3.3081
Cl4H12N4O3Zn1,3.0992
Cl3H14O7U1,2.7551
C4I2K2N4Pt1,1.3466
C6Cd2N6Ru1,2.8738
Er1F1Mo1O4,3.6311
Fe1O6Sr2W1,2.2772
La1Na1O7P2,5.2349
I4In1Li1,2.3653
F3Na2O4S1Sb1,4.4430000000000005
Ir1Sb1Se1,1.1772
Ba2Cl7La1,4.8107
Ba1Mo1O8P2,1.0325
Cs1F1O3S1,5.1606
Au1C1N1,2.7858
As4Cl1K1O6,3.0448
Ba2O7Si2Zn1,4.2748
C4N4Pt1Rb2,2.9715
C5Cl3H13N2O3Ru1S1,1.9597
K4Ni3O6,0.529
As2Ba2Se5,1.0156
Gd1O8Se2V1,1.8601
O7Sn2Sr3,1.7642
Cd1Hg2O6S1,1.3679
As1F6N1O2,3.1946
O9S1Zr3,3.8021
Al1O4Ta1,3.4609
K2O13Ti6,3.2056
O9S2Sb2,4.0001
Eu1K1P1S4,0.7896
Cl3Rb1Ti1,1.6927
O8S2Th1,4.7421
Ag1F11Na1Zr2,2.5208
C2H8N6S2Zn1,3.9202
Cl3K2N3O6Pt1,2.6646
As2Co2O7,2.4224
Al2Ca1S4,3.53
Ga2Mn1S4,2.3392
F6Li2Mn1,2.7577
Ba1S4Sb2,1.4549
K2Li4O6U1,3.0511
C2H4I1N2Na1O2,4.3714
Bi2Br1Eu1O4,0.4481
Cu2O14Sr9Zn4,2.33
Al4Bi2Se8,2.2464
Al2Br7K1,4.1091
C4H2K2N4O2Pt1,2.2419
Br1Cr1O1,1.8459
Hf1Pr2S5,1.0316
As1Br3F6H1O1P1,3.5461
Ce3Cl3O6Ta1,0.9375
F6Pt1Zn1,2.5577
Ba2In2Se5,1.4403
Cu1F3Rb1,1.5944
O8Ta2U1,1.2896
Eu2S4Si1,1.928
C1Hg1N2,2.4459
Cl9K3Mo2,1.172
Cu1Ge2Nd2O8,1.8222
K3Mn2O8,0.3472
Ba1Cu1F1Se1,1.7406
Ca1H2I2O7,3.5888
I5Ru1Y4,0.0866
K4O18Si8,4.4218
Ba1F4O1Ti1,3.7219
Ho2Pb1S4,2.2492
Cs4F10Fe3,2.8759
C1N2O2Pr2,3.459
Cd3Rb2Te4,1.5129
Cl3Fe1Mn7O10,1.5063
Mo2O14P2Te1Tl2,2.6755
K1Mn1O4P1,3.049
Ge1Pt1S1,0.9061
F1Nd1S1,1.2267
Bi1Ca2O6V1,3.0163
H1Hg1N1O4,1.6978
Au1Eu3O6,0.2798
Cd1Cl1O15Rb4V5,2.3004
C4Cl2H12O6V2,3.1812
K1P3Zn4,0.6636
C8K5N8Nb1,1.7848
B2Be2F1K1O6Sr1,4.9056
Bi1Cs1S4Si1,2.5026
Os1P1Se1,0.6459
Na1Sb1,0.4852
H1Na2O4P1,4.7568
Br2Cl2Cu1Rb2,1.0099
Cl2Fe5O18Te6,1.1468
B2H16Na2O14,3.8726
O7Sc2Si2,4.171
Dy1O19Ta7,3.3813
Br6H12O6Zn3,3.8978
Ba1Pr2S5Zn1,1.3714
B2Cl1La1O4,5.1788
Nb2P1S10Tl1,0.713
Ni1O4Pr2,0.2841
Nd2O11Ti4,3.5283
Li1O5Si1Ta1,3.9352
F6O4S1Te2,4.0111
Cr3O8,0.7199
C3F1H10N2O4P1,5.1258
Cl6Hg6P4Sn1,2.1061
H8I6N2Re1,1.6087
As2Be2Mg1,0.4051
Cs2O7P2Sr1,4.8356
Cu1O3V1,1.1396
Cl1,2.3605
Ce1O4Zr1,2.4032
Al2Cl6H12N4,5.1069
Cl5K2N1O1Ru1,2.168
Cl3Er1H2O13,5.2787
Ce1N2Sr1,1.0184
F2N3O1P1,4.8268
Be3Ca3F2Li2O12Si3,5.7353
Al1Cs1Cu1F6,1.9422
Ga1Ge1N1Sr2,0.0293
Al2Ca2O7Si1,4.2888
K2La1O15Ta5,2.7286
K3P1Se16,1.0891
Ba2Cl1Cu1O2,2.6546
As1B1O4,4.2696
Cs2O7U2,2.5618
Be4Na10O17Si4,3.9759
F5Fe1H4O2Zn1,2.8328
Cu1O2Rb1,1.2739
Br2Co1O3Sb2,2.6329
N2Ni1O6,3.2388
H2O4Se1Zn1,0.8584
F3K1Pd1,0.9217
C2Cs2Pt1,1.5634
B3H12Y1,4.4899
Bi2O2S1,0.841
As2O1Sr4,1.1928
B7Fe3I1O13,2.7008
Na1O6S2Tl3,2.8510000000000004
O36P12Sc4,5.5653
Cl4Mo1O1,1.4917
Br10O4Pb9,2.9192
Co2K2Na4O5,1.4586
Cu1Rb1S3U1,1.8304
F3Na1Zn1,5.1534
In1Rb1S2,2.1557
Cs3I4Li1,3.7995
B3O6Tb1,5.2178
Ba1Cu1F4,1.6578
K6Mo4O21U2,2.9211
Ca1O7Si2Zr1,4.5841
Mn1O4U1,0.9043
Ag1Br1H3N1,2.5517
C1Cs2H6O6,4.0658
C2F5H12N6Sb1,4.9547
Li3O35P5U7,2.7682
As2Co8O16Te1,1.2777
Gd2S5Zr1,0.9958
Br2Cu2O5Te2,1.0057
Ce1Er3S6,1.0079
Li2N2Th1,1.892
C1Co1H2O3,3.475
Cr1H6O7S1,2.9325
Dy1O4Ta1,4.1804
Cd2O5U1,2.7863
C2Ca11N10,0.7765
Cl3F10K3Sn5,3.2434
Co1O3Te1,2.575
Eu2Hf2O7,0.1808
As3Ba3In1,0.5232
Cu1K1S4Y2,1.1844
Bi1Co1O3,1.1112
Ge2N6Sr5,1.3601
C3Os2,0.1621
Fe1Pb4Sb6Se14,0.8976
Bi1Li5O5,1.4528
Ca1Pb1Sr1,0.2792
F5Tl1Zr1,4.7914
C3H8O2,5.1101
Ba1S2Sn1,1.6755
As1K1Zn1,0.3912
Li6O4Zn1,3.9763
Ca4O6Pd1,2.0319
Cd1Cl8Na6,4.2261
H1Mg2O5P1,4.9694
Gd2O4Sr1,3.4086
Gd1I1S1,2.5728
As2Cs1H2O8Sc1,3.6812
Cl1O3Sr1V1,2.1262
F2K3Na1O6P2,4.5056
Be1H3K1,3.209
O9P2Sr1V2,1.1826
C2F1H4N1O4Sn1,2.7115
B1Na3S3,2.5759
Bi1Br1,0.6807
Fe1K2O4,1.605
Bi1K1P2S7,2.3919
Al1K1Li4O4,3.9728
Ca1Sn1Sr1,0.3417
H1La2Li1O3,1.9231
Cl6N2O2P2S1,3.5839
Li1O2V1,2.9183
Li2O8Sn3Zn1,1.6251
Ag2Mo1O12Te4,2.4041
Cr1F6Na3,4.0209
B3Si1,1.4144
C60Cs6,0.7466
Mn1Ni6O8,1.8891
Cl6H16N5O3Rh1,2.5829
Cs1O12P3Zr2,4.3449
F4Ga1H4N1,5.2573
Ca2Cd1Sb2,0.3106
Ce1Na8O18Si6,2.6761
Cr3H6K1O14S2,2.6874
Ag1In3K2Se6,1.2627
In1K3P2,0.7923
Ba3O9Sb2Sr1,3.1322
Na4O5W1,3.5133
Al2Te5,0.9747
Ba1Cu2O2,1.7571
Ba2Sb3,0.2631
Mn1O5Te2,2.1574
Er2S4Zn1,2.428
N2O5S3,2.7269
Cs1Gd1S2,2.0817
Dy1O8Rb1W2,3.5643
Cl1F1Sn1,3.4572
Ga4O7Sr1,2.5088
Au3Sb4Y3,0.4792
B1F1N2Sr2,2.5717
Ge2O7Rb6,2.2072
Ba1Ce2Mn1S5,0.3653
Ba1Mn1Pr2S5,1.1876
C4H8O4Sn1,4.3306
Au2Cd2Rb2S4,2.0693
B12H12Rb2,5.4196
H9In1N2O8P2,3.8526
Hg1Rb6S4,1.5988
Ni1O12P4Zn1,1.9191
O3Pb1S1,3.6374
H12N6O6S3,0.061
Cl4Er1Na1,4.9806
B4Mo1Tb1,0.2988
C2Co1H8Na2O10,3.8872
La1O3Ru1,0.701
H1O5Pb1V1Zn1,3.2396
K4Sn2Te6,0.8459
Mn1O6Sb1Sr2,0.7335
H3I1Si1,4.1124
K2Ni1O2,2.3358
Ag8Ba1S5,0.6657
Ba1Gd2O5Pd1,2.4112
B1Sb1,0.7522
C2H24N6Ni1O14S2,1.6504
C3Cl7Mo1O1S2,1.4323
Ag1B1C4F4H8N8,4.1265
Gd1K3O8P2,4.9235
Ba1Ho2Te4,0.7793
Ce1Cu1S2,1.3542
I1Mn1Sb1Se2,1.1919
O24P6V4Zn3,1.6392
Cl1H4N1O1,2.2301
Ca1S3Zr1,1.1903
Cl3Nd1,2.9171
K1La1O12P4,4.9043
Er1H1O8S2,4.8891
B2Na2S5,2.6121
Ho2S5Zr1,1.2499
Lu2O2S1,3.0407
Au1K1Se2,0.919
Br1Dy1Mo1O4,1.8205
Bi1H1O12P4,5.0137
As4Eu3,0.2956
C14Co1H24N8Rb1,5.0310000000000015
C2I6Sc4,0.7987
Ca2Cl1Cr1O4,1.0563
Li1P1Sr1,1.3456
Sn1Te3Tl2,0.3958
Ag1C2Li1,1.8915
Cs2O8P2Ti1,4.0361
C4Cs1H7O10,3.259
Er3F5O2,5.6224
Ba1Cu1Ho2O5,1.4514
F4O3P2,5.5713
B1K1O8P2Zn1,5.072
F18Ni6Rb6,4.0605
F4Sb1Tl1,3.6022
Al2Cl8Ni1,2.8907
H11N2O4P1,5.4493
Ca3Cu2P4Zn2,0.1946
Na2Ni1O14P4Zr1,3.5702
As2O14Pb3Te1Zn3,3.0029
C1Ce1H2O6P2,1.8676
Cs1I4Tl1,1.2496
C2Cs1K1,3.4617
Ge1K1Nd1S4,2.2968
Cl3La3O7Si2,4.8772
O5Pb2W1,3.103
K2O11Sb4,1.8466
Fe1Ge2O7Y1,2.4985
Co3Li2O12Se4,3.4776
H10N2O8P2,5.6811
Gd1O1P1Zn1,1.3252
C2F2O3,5.2632
F6Na1Rh1Tl2,2.8042
Br1F5Sn3,3.1942
B1Ga1O4Pb1,3.3718
Co2H4O10P2Pb1,3.9986
Ge1Te3Tl2,0.4611
Cl6Hg3S2Zr1,1.7882
Si38Te16,0.8867
Al1As2Li1O7,3.0351
H6Ir1Na3,3.7131
Ba3Mo2O18P4,2.0016
Br7Fe1Te1,1.9308
B6P1,2.488
Bi1Cl3,3.552
F4H12Mo2N2O6,2.4737
Cl2O24P6Pb10,3.3576
K1Na1Nb1O5Pr1,3.1815
In1Na1O2,2.0709
Cs2Pt1Te2,1.2344
C4N4Ni1Tl2,3.3798
As2Ga1Li1O7,2.5655
F6Ga1Li1Mn1,3.9072
Ca1H4O4P2,5.5958
Er2Mo4O18Sb2,3.0913
Al5Gd3O12,4.1126
Cu2Fe1Ge1Se4,0.7806
Gd3O3Sb1,0.2608
K2Mn2O12S3,4.4546
Cs2Pt1,1.992
C16Cr2H24O8Sb4,2.2629
Cl1H5O2,5.2001
K7Li1Si8,1.7006
Br1Mo1O4Pr1,2.0666
La1Mg1Na1O6Te1,2.4724
Ge4O9Sr1,3.0119
Br3Gd2N1,3.1751
La1O12Sb5,3.0194
Dy2O2Te1,1.0947
Er1O4Ta1,4.2036
Bi1F5K2,4.7712
Cs5Fe1O4,1.4506
Pt1Sb1Si1,0.0673
Rb2Se4W1,1.4659
H1Na2O9P3,5.21
Ba5H1O13P3,4.5184
C6H12N6O8Pt1,2.6660000000000004
Al1Ba1H1Si1,0.6927
Ba1Hg1S2,1.1507
As1Cd2F1O4,1.8328
Ag4P2Se6,1.0749
B1H4K1,1.4006
C3H9N3O2,4.8698
Al12Ca8O24Te2,3.1259
B1Ge2K1O6,3.389
Ag3Fe1O8V2,2.068
I7Nb3S1,0.8384
B12H16Na2O14S6,2.1592
F6Rb3Y1,5.0594
Li1O1Rb1,2.2446
Cl3O2Re1,1.9508
Cs2P2S6,1.9251
As2Rb2Sn1,0.6346
Al1K2Na1P2,1.5126
Cl2Zr1,0.8416
Al4Cl14Te4,1.4353
Cs1H12Mg1O10P1,4.763
F1Mo1O4Y1,3.6441
Cl5Li1Yb2,3.5882
F12K2O1Zr3,5.4236
F5Mn1Rb2,1.6228
Bi1K1S4Si1,2.0398
H2Ni1O5Se1,0.9125
As1Li3O4,4.1272
P5Re2,0.6524
Cs6F18Mn6,3.482
C1Cl18Rb4Zr6,1.2656
O9Pr1Ta3,3.3099
Al1Li1Mo2O8,3.5391
Na1P2S6Sb1,2.0340000000000003
O6Sn3W1,2.0796
Mo2Na2O7,3.1016
Ba1C1Cl1N1S1,4.114
C4Cd1N6,3.0392
Ba2Cd1Te3,1.436
Cl2O4Pb1,1.2679
Cl1Mo1O4Y1,2.6824
Bi1Li1O2,2.173
Br5Pb2Rb1,3.0318
Cs1P2S7V1,1.4886
F2O2P1Rb1,5.1803
N2Se1Zr2,0.3302
Cr1O6Tb1Te1,2.6525
Cu1Mn1O2,1.7892
Cu1Dy1O8W2,1.4504
K1Mn1Sb1,0.9473
Cl5Co1Cs3,3.4402
Bi1Cs2F6Na1,5.0202
Cl1O8Se2Y3,4.2068
F8Li4U1,3.6963
In2K2Sb3,0.8384
F1Pr1S1,1.2709
Ba2Bi1Fe1S5,1.2882
Cu2Fe1Se4Si1,1.7193
Al5Er3O12,4.7586
Rb4Sn4,0.7305
Fe4O16Si2Sn7,1.8215
Ag2P2S11Ti2,1.2192
Al2Ge2O7,3.3521
Dy1Fe1O3,1.2641
I4K2O20U3,2.8273
Cl6H4N1W1,0.8144
F7H4N1Sn1Zr1,4.1887
Ca1Cl1H4O6Re1,1.6017
As2Ba2Cd1,0.4143
Hg1P14Pb1,1.3058
Cr1F7Pb2,3.43
As1Nb2Rb3Se11,1.1722
K6O7Si2,3.5133
As4Br16Ga4Hg11,0.8708
Se4V5,1.1521
Cd4I3P2,1.4179
Bi2O4,1.2208
Au2Ba1O4,1.6887
Ge1Li1Nd1O4,3.9745
Bi4I2O5,2.2489
Ce1O5Rh2,1.395
Ca1O5V2,1.6451
K2O14Te2U3,2.9393
C2H12N6O8S2Zn1,4.8417
F2H5In1N2,2.4407
F3H1Sr1,5.9478
H4O10Si1U2,2.9527
Cl1La1O4S1,1.5566
Ge1Mg1N4Sr3,1.4156
Li1P7,1.6471
Ba1Cu1Er1S3,1.3234
Co1O3Si1,3.6069
As2B12,2.6544
S4Sn1Sr2,2.227
Br2Cu2O6Sr2Te1,1.1185
Fe1H2O5V1,2.3101
Ce3Nb1O4S3,2.5104
Ba1Ca1Fe4O7,1.1923
Au2K2S4Sn1,1.5565
Ca1Ga1La1O4,3.4369
B1H6Mg1O8P1,5.3617
F1O3P1Sn1,3.6028
B1C3K2N3,2.4531
F8O2Re1Sb1,3.8469
Br1Se2Tl5,0.3185
Cl2H1N1O4S2,4.0461
Br3Ni1Rb1,2.1590000000000003
Ge1K1O5Ta1,4.0262
H4O7Re1Sb1,2.9323
I6In1O18Rb3,3.0206
F11Mn1Na1Zr2,4.2697
Ca1H2O12P4,5.6844
Fe1Na1O8Se2,1.7662
H6Li2Pt1,2.6793
Ag1O3Te1Tl1,2.6724
Cl1Fe2H3O12Te4,2.1082
As2O4Zn1,3.5281
Cl2Cu2O5Te2,1.2901
Ag1H2In1O8P2,3.2911
C1N4S3,1.9234
Ba2N2Zn1,0.6096
P2S6Zn2,2.2304
F9Sb1Xe2,1.9528
Ag6As2O13V2,1.8401
La4O7Pd1,1.0981
Ag1As1Ba1,0.0393
Ga1N5Sr6,0.2953
Gd3In1Se6,0.4849
Rb2Se5,0.83
As2F18Pb1Xe3,2.5425
Ba1Mo2O14P4,2.8139
I1Na1O3,3.6855
O24P6Sr1Zr4,4.3789
Ag2Mo2O7,2.5879
Au1C2K1N2S2,2.7705
Cl2Cr1O2,2.3977
Mn1O4P1Rb1,2.8552
K2Se4W1,1.3216
Na2O4Te1,1.83
C1Cl1H4N5,3.3782
Mo3O10Rb2,3.318
B1Bi1,0.2191
Cs1Cu1O2,1.2829
Ba1Cd1F1Sb1,0.3796
Li1N4Re1Sr2,1.8785
F4H2Mn1O1Rb1,1.9182
Ag1Fe1O7V2,2.0798
Ca1H3K1,3.3165
Ba1F5Ga1,5.8636
As1K1O2,3.8356
Al2Ba5Er2O13Zr1,2.5874
B1Br3P4S3,2.6959
F4Na2O2W1,4.0503
B1Cu2H5O6,0.0688
Cr1Li1O7P2,3.0256
Al1Ce3Mg1S7,2.3733
Cl3Rh1,2.1953
Cl8O2Se4Te3W2,0.8202
C4Co1H8O8,2.7981
Na1O6Ru1Sr3,1.4291
Br7Fe1Se1,0.3228
K2Pd1Te2,0.7916
C3Ga1N1Si3,2.5992
As4Ga1Na3Sr3,0.4356
Cl12I2Nb6,1.089
As1Cl1O2Pb1,3.3329
Co4Na10O9,1.6086
F2O1S1,5.266
Cd1Cl1K4O15V5,2.3068
Cl1Fe1O3Sr2,0.8181
Ba5Li2O15W3,2.0695
H6O12P3Sc1,5.3982
Cl1N2S1Se2,1.4695
H4O3Sr1,4.3382
F14Sr4Zn3,5.8499
K4P2Zn1,0.9114
Br6C4H16N2Sn1,1.4745
Br2La1,0.4525
Ag1Mn1O4V1,2.1854
In1Mo2O8Tl1,3.6602
Co1F6H12O6Sn2,4.5235
N6S5,2.2781
Cd2Na14O9,1.4275
C22Ge2H66Si8,3.9389
Co2Na3O6Sb1,2.1073
Gd1Na1Se2,1.6686
H12Mn1N2O10S2,4.3668
Cs2O2Pb1,1.8327
H24O20Rb4Te2,3.0263
Cl1F1,2.0695
I6Nb2Te2,1.0296
Ba2O9V3,1.2967
B1Ba1Co1H1O9P2,4.1229
Na2S5Si2,3.5235
Cl8Ga2Ni1,2.9466
Al1F3H2O2Pb1,4.4897
K2Mg1O4Si1,4.0079
Au3Rb1Se2,2.0087
Li1Nd1O4Ti1,3.0225
Ag5O4P1Se1,0.8118
Mo2O11Pb1Se2,2.3888
Ca1Mg2N2,1.9832
F2S3Sn1Sr2,1.8342
F1Na5O16Si4Y4,4.7718
Li1O8Pr1W2,3.4560000000000004
Al1H1Si1Sr1,0.6106
O3Rb1Re1S1,2.857
Br3Nb1Se1,0.9657
Ba1O3Si1,4.5269
Ag1C1H3N2,3.148
F1K1O2Se1,3.3248
Ca2Se4Si1,2.4027
H4Na2Pt1,2.5203
Hg1Rb2Sn1Te4,0.531
Ag4N2O2S1,0.7846
Mo1O7Se1Zn2,3.7918
Cs1O4P1Zn1,4.103
Cl8Ir1K3Sn1,2.0064
H5N1O3Se1,4.4165
O6S1U1,2.9336
Hf2Ho2O7,3.1166
Cr1K3Mn1O8,0.8319
Ba1Er2O10Si3,4.7929
H5Rb3Zn1,3.2704
Al1K6Na3Sb4,0.7457
Al1Fe1O5P1,3.3239
As1Rb3Se16,0.9046
Ga1I3O9,3.2983
As1K1O5Sn1,1.8869
Cu1Eu1F1Te1,1.6063
B1C1H5N2,5.4506
As1C5F7N1O5Re1S1,2.352
Cl2I2Ta1,1.4072
Br1C5O5Re1,2.4896
Pt1Sb1Tb1,0.2756
Co1H4N2O4S1,2.7273
As1Na5O5,1.4273
Cr1F3O1,2.1478
Br4Ga1K1,3.5899
Ag4Rb2S3,0.5924
Ba1Br1Cl1,4.9342
Dy1Li1O12P4,5.9317
As2Cd3O8,1.7084
Ba1Bi1Na1,0.3039
C2O6Rb2,3.9082
C2Cl2H12N4O4S2Zn1,5.3773
Fe2O16P4Pb3,2.2686
Br3Gd5O10Se2,3.4922
Ga2I3,2.205
Eu1O4W1,1.8772
Cr1N1O9Rb1U1,2.6874
Cl2Re6Se8,1.2354
Er2Mo1O6,1.9993
La5Li5N12Si4,2.3257
Ba5Ho8O21Zn4,3.5123
H24N8Ni1O10V2,2.1827
H1I1O4Zn1,3.4799
Ca3Ge3O12Sc2,3.4351
As1Ca1Na1O4,3.5914
C2H18N18,1.9948
Co2O8Pb1V2,2.5231
Cs5Sb8,0.6054
Ga1In1O3,1.5028
Eu2O7Zr2,0.1307
Ag2C14F8H18O8S4,3.5308
B1K2Na1P2,1.7855
La1Nb7O19,2.4
Al1Cl6I3,1.7458
Bi4Ce3Pd3,0.2811
Ba6O1S15Ti5,0.8409
C4Cl2O4Pd2,1.1334
B18Hg2Rb4Se18,1.8729
Cu3N5Sr6,0.6227
I1Li1Mo1O6,2.1767
Cu1Pr1S2,1.3559
Cu2S13U6,1.1179
B5H2Li3O10,5.8878
Ba1Nd2O7Sc2,3.6336
Cr1O4P1,2.3387
Na1Nd1O8S2,3.4615
Tb1Te2Tl1,0.6179
Cs8O19Ta6,3.4803
Mn1Mo1N2,0.4173
C8H24Mn1N2Se10Sn4,1.3484
Cl14Mo4O4Tl2,1.9518
Br3In1Mn1,1.9528
Ba3O14Pb1V4,3.147
Al1Ba2In1O5,2.0592
Br3Cd1H5N2,2.9161
Li1O4Re1,4.1014
Cl3N1,2.1809
Ba1F6Pb1,2.8611
Bi2I1Nd1O4,1.2754
Ag15Cl3P4S16,1.7522
Cl3O1W1,0.5791
Cu1K1Mo4O16Tb2,1.4136
Cd1Cu1F4,2.6212
Fe1O2Tl1,1.0836
Au1I2K5O2,1.9767
Ag1K3Se8Sn3,1.1477
Ge1Na2O6Te1,2.6547
As1Au1Na2,0.649
Dy2O7Tc2,1.3957
Ba1Se3,0.9308
B1P1S4,2.2292
Dy1P5,0.0768
Pt1Sn1Th1,0.5419
B12H20N2,5.6543
Au3Dy3Sb4,0.4624
Ba2Cu3S6V1,0.9233
Br2Hg2S2Sn1,2.3176
B2Na3O6Sc1,3.5855
F1K2O3P1,4.4466
C2H2N2O1,3.888
B1C2F4H6N5,4.3407
Cu3Er2K1Se5,1.3079
C2Cd1H8N6O6S2,2.9703
C1Cl18W6,1.0922
O9Re2V1,2.3038
Br3Cs1Yb1,2.9563
H4S6Si4,3.3238
O7P2Rb1Y1,5.035
Au1I1Te1,0.9299
Cl16Li2Nb6,0.9276
Bi1F6K1Rb2,4.7686
Cl1Ho1O3Te1,3.8552
Ba2Fe2Li1N3,0.5479
Au1F11Th2,2.5904
Li2Ni1O3,1.3056
Ca1N6,3.4107
As2O8Sr1Zn2,3.1638
Ge5O25P6,3.4953
K2Se2,0.71
Ga1K1Te2,1.2528
Au1K3Se2,2.0959
Ca1O8P2Zn2,4.3175
Ga4O9Sr3,2.9467
Ce1O4Ta1,2.98
As2Co1O7Sr1,0.336
C4Hg1N4Rb2,5.8245
F5Ru1,1.7651
Gd1K1Na1O5Ta1,3.6029
O7Y2Zr2,2.7011
Ba1Nb2O11V2,2.3349
Cs1Dy1Te3Zn1,1.4548
Au1C2Cl1H3N1,4.0028
Cs1Lu1S2,2.0697
B13C2Li1,2.5448
Fe1S5Th2,1.7058
C4H2O4,2.8678
Cu1Ge4O12Tb2,2.1957
Cl7Nb3O5Rb2,2.6022
Na3P1S4,2.2629
Cl9Cs3In2,3.5417
Fe1Mo1O7V1,2.15
Be2K2Na4O5,2.4609
Er2O2Se1,2.1853
B2F4,4.877
C2Li2O4,3.2411
F5Na1Te1,5.2523
Ce1O6Se2,1.9939
Cu1Se3Th1Tl1,1.4488
Ag1C6F6N4O2Sb1,2.4426
C10Cl4Ga1H30N2P1Si3,3.1536
La1Rb1S2,2.4036
H2Na1Nd1O9S2,4.0096
Br1Hg1I1,2.2562
Ba1Cl5Gd1,3.8959
Be1Na1Sb1,0.8879
O19Ta6Th2,3.4385
Br3Ce1,1.6129
B1C4Cu1N4,3.5248
As1F6N1S2,2.595
B2F10H1Nd1,4.8473
Sc2Sr1Te4,0.7125
C2H11Mg1N1O10,2.9944
K1P1Se6,1.8503
Nb1O3Rb1,3.6605
Ca1I2,3.7959
Pt4Rb2Se6,1.0925
Ba3Mg1O8Si2,4.7041
Cu1O4Re1,1.8366
H9Na1O6Zn1,3.9952
As4C4F12,3.3073
C2N2Se1,3.4667
Cl3Er1O12,5.0196
C2F1H8Ho1O8,3.8173
Ge2K6Te6,1.047
B6Ba2Mg1O12,5.1929
Fe2P12W1,0.0087
C1H1O2Rb1,4.4349
Ba3Co1O9Sb2,2.3321
H2La1Na1O9S2,5.6729
H12In1N1O12S2,3.9873
C2I9La5,1.3027
Br3N1Se2,1.2382
I4K2Mo1O14,2.9688
Ag3Cs1S2,0.7594
Li4O8V3,0.8176
H2Mg1O8Se2,3.2439
Ca3Fe1O6Rh1,1.8516
K1Pr3Te8,0.4871
B5H8K1O12,5.5957
H2O4Pb3,2.8413
Ca3In1P3,1.0032
As4Ba3O19U2,3.2869
H5O8P2Tl1,4.997
Ga1H1O2,2.9643
F1Ho1Mo1O4,3.6454
F3Ga1H3N1,2.0555
Ba1P8,0.8884
B1C3Cs1F9N1O2,3.3924
Ag1Ba1F1Se1,1.6025
N1O2Tl1,1.6442
Ba1O4Si1Zn1,4.0044
F6Pb1Pt1,2.3941
P1Se3Sn1,1.3247
I4Pt1,0.815
Br1Hg3I1Te2,1.2808
Cl5Fe1Tl3,2.7207
Ag1Bi1P2S6,1.3822
C4Cl6H16N2Sn1,2.5433
Br1Cl1,1.7512
Cu1Mo2O8Y1,2.1063
Cu2I6Tl4,1.8163
Cu1F5Pd1Rb1,1.2867
Bi2Dy1I1O4,1.3734
Cl4Cs2Mg1,5.0233
Cl5P4S4Ta1,1.9987
Ba1Cd1K2Sb2,0.1933
Cd1H2I3O1Rb1,2.5513
Ca1Fe1Ge2O6,1.2116
Mn2O12Rb2S3,4.5585
F1Fe1O3Te1,2.1829
O11Se2V2,2.1271
Ag1Cs1Se4,1.2815
Cr1K1N1O9U1,2.6568
Na4Nb8O32P4,2.2857
Ba1Ge1O3,3.4902
Cd1N3O6Tl1,2.154
Cu1Eu1F1S1,1.5408
Fe1Li1Mo2O8,2.4373
As1Cd1,0.1588
Cu2O10P2U1,1.2567
F1Mo1O4Tb1,3.6655
Ba2O7U2,3.1495
Mo2O16P4Pb2,1.152
Ga2K6O6,2.6619
Cu1H2K1O5P1,1.6204
F3U1,2.8611
Ag2C6Cl1H12N3,4.1523
F2I2O6S2,1.92
Ce1Cs1S2,2.2811
H4Na6O18S4Zn1,5.0216
Cu1H6O7S1,2.0143
C8Fe1Ge4H24N2S10,2.3886
Bi2Ge1Te4,0.5909
Cl3La3O6W1,3.1724
Li3N4Nb1Sr2,2.1437
H12K2O14Ru1S2,3.114
Ge1Hg1Te4Tl2,0.1124
Ba1O5Si2,4.3615
I10Ir2Te16,0.9955
As2B4Cl4,3.3936
Au1K1N4O12,2.0098
Bi2Li1Mo4O16Rb1,2.8989
I3Pb1Rb1,2.4748
Ba1Nb2O6,2.6385
C10Cl1Co3O9,2.1749
Co2K6O7,1.5131
Hg2O7P2,1.4774
Na2O4Pd3,1.1793
Br2H4Mn1O2,3.4295
Se4Tl4Zr1,1.2558
Ce2Mn2O3Se2,2.2478
Ba3Ga2S6,2.6784
As2S3,2.0006
Ca1Na4O18P6,5.1825
S2Tc1,1.114
H16I2Mg1O8,3.7975
Cl10Mo2N4S4,0.7922
F10H1S1Sb1,4.7142
Al2Cs2O9P2,4.9061
Br3Cd4P2,1.3947
In6O12Re1,0.7090000000000001
Br4Pd4Te3,0.9405
Cd1P14Pb1,1.1937
Al4Be1Mg1O8,5.5277
Cl4Cu4O12Te5,1.3717
Er1Mo4Na5O16,3.77
C4H5K1O15U2,3.2259
Cu1F11Na1Zr2,2.7598
K1P1Zn1,0.9864
H9K1O5,4.7077
Cd1F3Rb1,3.4652
Ca3O9Si2Zr1,4.4592
C2H2N4Ni1,2.4013
F3O1Rb1V1,2.4646
Ba2Ge1P2,0.5868
Br18K4Nb6,1.0688
H20N4O2P4S8,2.5676
As2Si1,1.0938
Be8Na5O11Rb1,3.8068
K1La1O3Pd1,1.1244
Ba2O5Re1,0.7949
B2Ca1O6Sn1,3.1742
K2O19Si8Zn2,4.6052
Ba1C4O4,2.5632
C1Cu1H8N2O5P2,1.8615
Be1La3S7Sc1,1.3184
Br10Rb1Re3,0.9023
H6Ru1Sr2,2.8478
Co1Cr4H4K2O16,2.4824
Ba3Bi1Cl3O3,3.9776
Al1F5H4Mg1O2,5.8141
B1K1Li2O3,4.0201
Fe1Ge2O7Tb1,2.5047
Ga3O20P6Rb1,4.6538
Se9V2,0.9824
B10Ca1La2O19,5.8143
C1H5N1O2,5.1095
F6K2Na1Tl1,3.6391
Ce4Cl3N1S3,3.0405
B1La3O9W1,3.4312
Pb1Se3Tl4,0.2317
Ba1Co3H2O10V2,2.8893
Cu1Nd2Rb1S4,1.1169
Ag2Bi1O3,0.6619
H6N4O4Pd1,2.579
Cu3F6O8P3Rb1,0.2473
Cs1Eu1F3,1.556
Mn1O6Ta2,3.2768
Al1F1O4Sr3,4.0505
Bi9I3Rh2,0.4577
Ga1Ho3O6,3.5973
Ba2Cl7Y1,4.7066
As1Li1O5V1,1.4317
K1Mg1O9P3,4.9521
B9Cs1H14,3.7922
Ca1O4Rh2,1.7573
Cd1Cl4Cs2,3.3236
Er2Mg1Se4,1.3675
H4N2Ni1,2.1567
As1H1Mn2O5,1.3119999999999998
C2H8N6O3,3.3343
K1Na1Se1,2.0463
Ag3Cu1S2,0.5739
O13Te6Zn1,2.9949
Ba1Be2N2,1.1727
H8O8Sn1Sr2,3.0286
Fe2Li2O4,1.0014
Bi1Br1Cd1S2,1.7996
Bi1F1O1,3.1349
C1F2K2O6S2,5.6497
B1Cs1Li2S3,3.0988
Ce2Mo4O18Sb2,3.1944
C1Cl2Eu2N2,2.7875
Cs3I9Zr2,0.3998
Ge3Na1P3,1.0869
Al2Se3,1.7565
F4Ru1,1.6054
Cs1F2H1O6S2,5.6111
Ca2H6Ru1,3.054
Bi2Eu1Se4,1.0232
Eu1Li2O4Si1,2.0938
H1Li1O3P1Tl1,3.992
C1Cu1H1O5S1,3.6264
Bi1F6Na1Rb2,4.9188
Nb1O9Rb1S2,3.1485
K8O24Sr2U6,2.9267
Ag1Se27Ti6Tl5,1.122
Er1F1O3Se1,4.3017
Ag2Ge1Pb1S4,1.5918
F5N3W1,3.128
F6K1Mo1Rb2,2.9131
Ca3In2O12Si3,3.7776
O56Si28,5.6271
B8Ce2O15,5.0446
K1Sb2,0.2017
Hf1Pb1S3,1.4281
H10Mg3Rb4,3.4376
I2V1,3.295
Br2C4Cd1H8N8,3.3817
Al3C3H9N1O14P3,4.9492
Al1H5Mg1,3.2778
B3Ba5C1N1O9,3.3088
Cl1Cs1Mn2O7V2,2.5207
Bi4Cl1O8Ta1,1.1259
As1Li1O4Rb2,3.5532
H8Mg5O9,3.6134
Dy6H40N8O49,3.0126
Ce1Cr1S3,0.4397
Cl3O12Pr1,3.707
K1O4P1Zn1,4.3191
As1H3O5Sr1,3.9043
K1O4Pb1V1,3.3673
K1O2Y1,3.9736
C2H6N4O4Zn1,4.9198
Cl6Pd1Rb2,1.2176
C1N2Ni1,1.1899
B4O7Rb2,4.581
Ga2O12S3,4.4667
Cr1Cs2F6K1,3.9692
F1Na1O4S1Zn1,4.8106
C12Ni4O18P4,3.4264
As1Hg1S3Tl1,0.192
Ag4O4Si1,0.7241
C2H8N2O3,3.451
B6Ba2H4O13,5.2311
Ba1Cu1Te3Y1,0.6231
In1S4Si1Tl1,2.5153
Nb2O9Zn4,3.1564
Ba1Cu2Se4Sn1,0.5828
Cr3Na1O8,2.0521
C1Cd3H2O8Se1,2.8938
Gd1K1S2,2.1244
Bi1Li1Yb1,0.2468
Cl4Lu1Na1,5.1863
As2Ge1K2,0.8177
Cl6N2O2V1,1.3301
F6Ni1Sn1,3.2938
O4Pb1U1,2.4454
B6Br1Cs3H12Se4,4.5047
Co7H4O24P6,3.7212
C4Cl2H16N8Ni1S4,2.3734
B2Mg1O6Sr2,4.5996
C10Mn2O10,2.5058
Cu1K1S4Tb2,1.1813
Cu2Na3O6Sb1,1.4204
Fe1O2Rb1,1.884
Br1H6Na1O5,2.1673
Cl1Eu1O3Ti1,0.3272
Ir2P2Sr1,0.4370000000000001
In1Li1Mo3O8,1.7965
Cl3N3Ti1,2.6768
Cl5H2In1K2O1,3.6041
B2O6Pb1Zn2,3.7576
Cu3La3Sb4,0.1482
Cl2N2S2Te1,2.0113
Mg1P1S3,2.8051
F1K1O3Xe1,2.1373
B2S4Sr1,2.8327
Cu1K1Na1O10Si4,2.3248
As6Pt4Sr1,0.1036
Ba3O9Y4,3.3047
K2O9P2W1,3.7699
H9La1O12S2,5.1506
B3Ba5Br1O9,3.7573
Eu1Ga2Se4,1.5002
B3N3O3Sr3,2.1445
Cl1In1K6Te4,1.9812
Br1H3Li4O3,4.4506
Cl18Cs2Pb1Ta6,1.4144
Cl6H8N2Re1,2.7534
C1Mn1Na3O7P1,3.5715
Ga1K2Li3O4,3.4914
Ca1Cu1P1,0.0758
Ba2O4Ti1,3.6237
Ni2O8Te3,2.9534
F4H1K1O1Te1,5.0296
As2Mo2O12Sr1,2.5683
Cl6Pt1Tl2,1.916
H3O4P1Sr1,5.7706
B2Mn1O4,4.4791
O6Rh1Sr3Yb1,0.3746
Ag2O7W2,2.7283
B6H10,3.9988
Au1Co1Na4O5,2.0317
Na3S4Sb1,1.9199
K1Mo2O8Y1,3.4764
Co1N2O6,2.9621
Cl3Y1,4.8567
Pb2S4Si1,2.2069
N3O11Rb1U1,3.544
Bi2Br1Nd1O4,1.2472
Be2Gd2Ge1O7,4.285
H12Mg1N6O6,4.4918
Cu2Fe2O5S2Sr3,0.6873
Bi2Ga2In4S12,1.8395
Ca2P2S6,3.0754
As1Au1K2S4,1.1325
As1S1Tb1,0.0755
As1I1Se1,1.3092
K10Mg1Mo7O27,3.6042
Ce1F4,2.7537
Br5K2Pr1,3.3138
C2H8N1O2P1,4.9819
C1H6N6O4,2.5519
As4K4Sn1Sr2,0.4962
Rb3Sb1Se3,2.3059
Ba2Ge2Se5,1.2679
H6O6P3Yb1,0.6002
K2O12P3Ti2,1.702
C2Ho1K1O6,4.3266
B1Cr1O3,2.9234
Ge1La2Mg1O6,4.2908
As1B1Ba1F10,4.9437
Au2I1K6Na1O8,2.0921
Cl5Ta1,2.9886
Ce1Li2N2,1.8307
I7Se1Ta3,0.7004
Al1Cd1F6Na1,4.7116
Au1O8Rb1S2,1.7698
Cl8O12Si8,5.674
Ba1Co1O5Y2,2.795
Ba1Mo2O11Se2,2.4341
Cl1Cs6Dy21S34,1.9608
Cs1F4Fe1,2.5218
Ba3Bi1Na1O6,1.7746
Co1N3O2S3,1.5343
C4Cl3Co1Ga1K1O4,3.8394
La4O22Si4Ti5,1.4656
Ag1C4F1H8N8,4.0042
C2H6N2Ni1O4,2.1698
I12Nb2Se4Te4,1.053
Cl5K2U1,3.0810000000000004
C1H3Hg1N3,3.6406
Cu1Nd3Se7Si1,1.295
As1Cl1F8O1,2.9388
Cd1Hg1O2,0.4955
Ge2K2S5,2.3015
Ce1P1S1,0.2182
Cl12Os1Te2,0.9444
Rb2Se5Sn2,0.6928
Cl4Cs1O2Re1,1.5821
C4H12Si1,5.6077
In1O8Rb1W2,4.4602
Ca4Mn4O24Si8,3.3275
K2P2Pd1,1.2547
F1H10N2O4P1,4.9057
C2Cs2Pd1,2.0926
Ni1O6Rh1Sr3,0.6526
Br2Mo1O2,1.4022
Er2Pb1S4,2.2508
Ca1Rb1Sb1,1.5145
F3O2Re1,3.4106
K1P1,1.0338
C4H6N2S2Sn1,3.636
Br6In2Zr1,2.1691
Br14Ta6,1.1116
C1H5Nd1O7P1,3.6951
Ag1B1C4N4,5.3858
Cl5P4S5Ta1,2.355
Ni2O7V2,2.4601
F3H1Na2O5S1Te1,3.9053
Al3Li9O29P8,5.3517
Fe1La3O6S3W1,0.045
Al2Te4Zn1,1.7089
Al1Ge1Li1O4,3.1135
In3Rb1S5,1.2787
Cs2Pd3S4,1.6966
F4Na1V1,1.6134
Ag1Ge1Pr3S7,1.7973
F3Na7O12S3Sn1,4.9113
As1Cl3F5O1P1,4.4791
K1N7P4,3.7477
I3Nb1O1,0.7584
Ho1Li1O2,4.0212
K3P1S4,2.7708
Ba6Cl2O12Pt1Ru2,1.4983
O9Se3Tl2,2.1722
Br1C8H20Li1O4,4.6106
Ce1N5Si3,3.4366
Cl5Cs3Zn1,4.4955
In1Na1Se2,1.1043
Bi2Eu1I1O4,0.2654
Ba1F6Ge1,5.5516
Cl9P1Sn1,2.4214
Cl4F5N1Te1W1,2.1316
Cl4Co1K2,3.7408
F6Li1Ru1,2.6286
Ga1Li1Si1,0.1922
Al1As2K2Na1,1.0468
Ge2Na6Se7,1.5811
Ca3Ga2O12Si3,4.3289
C2O4Sn1,2.6451
C1Li1N1,5.4945
Br1In1O3Te1,3.0263
Ca1Cu3Ge4O12,1.8098
F7K3Ni2,3.7454
Cs1Ho1K2O8P2,4.881
Bi2Mo1O6,2.1092
Cd3H6O16Rb2S3,3.3903
Ba2Cu1O8P2,1.705
O12P3Rb1Sn2,2.7910000000000004
Cs1H4Li1N2,2.051
In7Te10,0.8954
C2H8N8O4,2.2667
Cl8I1P1,1.6752
Ga1K1O7P2,4.4732
F6H3O1Sb1,4.6581
Hf1P2S6,0.8296
Al2Cl8Co1,3.2763
Al1F6Li1Pd1,2.962
O5V1Y2,1.489
Cl1Cr1K1O3,2.773
Ca2O8Pt3,1.612
Bi1Cs1O2,2.3438
Cl5K2Mo1O1,2.1716
B1Na1O4Si1,5.4177
Al2Cs2O7Sb2,3.6419
Cu1Na2O12P4,2.3146
H2O4Rb2S2,3.2873
Mg1Mo1O4,3.6112
C2Cl3N3S1,3.1799
Ho2Mo4O18Sb2,3.1023
La4O7Se3Si2,2.4389
Al6O11Sr2,4.1355
P1Rh1Se1,1.1241
K1Li1Mo4Nd2O16,3.2984
H8N10Zn1,4.113
K6Si2Te6,1.7119
Bi1K3P2S8,2.106
K2Se3,0.6304
Cs2Hg6S7,0.6109
C6Cd1N6Pd1,4.1242
Cl10W2,0.7707
As6Bi1K3Se12,1.4081
C2H9K1Ni1O10,4.3179
H2Mg4O5,4.0129
Ag1Nb1Rb2S4,1.929
Cl10O7Si6,5.518
Ga1Li1Mo2O8,3.4598
Cu3O7Pb1Te1,0.6476
Ag1Br3Rb2,3.1286
Ba2Ga1H1O14P4,5.0995
Ce7O16Zr1,2.3321
Hf1S3Sn1,1.2387
C1H3O6Re1S1,1.9415
Bi1Na1O6Sr3,1.7909
F12Sb2Xe1,2.7169
F6Pb1Zr1,5.0089
Dy1Mn2O5,1.3181
Ba1C1F2Mn1O3,4.7455
C4H4Na5O14Sc1,4.9616
C2Cd1N2S2,3.3418
As1Cr1O4,2.2052
C1F3K1O3S1,5.2797
Br1O4Y3,4.2091
O6Rh1Sr3Y1,2.8381
Br2Ni5O12Te4,2.4969
Co1La3O6S3W1,1.1735
Ag1N2Na1O4,2.2672
Cl2Ni5O12Te4,2.5921
B1Ba1Cl1F4,5.9901
Ba2Li3N4Nb1,2.4072
Mo1N1Na3O3,3.5949
Ag7Cs1S4,0.7013
Cl4Gd1Na1,4.3827
Mo5O8Sr1,0.2466
Bi1Cs3O3,3.0558
Cl2Hg1O2Pb2,2.2603
Ca3Na2O9Ta2,3.6593
I6K2Pt1,0.7337
H12N1O12S2Tb1,5.2478
Ba2C4H12N2O10S2,3.6042
Ag2F14Zn1Zr2,1.7959
H8Li4O12P2,3.6226
Cl2Cu2O6Sr1Te2,1.3727
H2Mn1O8S2,4.2203
Cu1Dy1Mo2O8,2.0983
B8Bi2O15,4.4356
P2S8Zn3,2.2874
Ba2S4Sn1,1.6782
Ag5Rb1S3,1.3389
Cr1Hg1O6Pb2,2.0708
In5K1S8,1.3564
Cs1F7Rb2Si1,5.4903
Lu1S2Tl1,1.3101
Ca3K2O10Si3,4.7606
Ag1Te1Tl1,0.4633
Se4Ti1Tl4,2.1992
Cu2Fe1S4Si1,1.4679
Li1S2Sb1,1.2023
Ag1C2H2O9S1Tb1,3.4930000000000003
Al8K8Si38,0.7651
Na2O8P2V1,2.5034
Rb4Se6Sn2,1.4947
F2O2Xe1,2.4642
P2S6Th1,2.2095
Al2Te3,1.8551
Er2S4Sr1,1.8082
Al3B4Gd1O12,5.2348
Ba2Ni1O8P2,2.5757
Ba1Cu4O17P4V1,1.0361
Ba1O7Sr1Ta2,2.4591
Eu4O1Sb2,0.1077
F10I1Sb1,4.0297
Al2Sb6Sr5,0.7645
Br3N3S4,1.716
Se5Sr1U2,0.5016
S7,2.545
Al1C8H24P1Sn2,3.2554
H3I3N2,0.778
Ca1Ni3O14P4,3.5652
Nb2Pd3Se8,0.6581
Cs1Cu1S4,1.866
Cl2I1K1,2.3549
F20O2Re2Sb2,2.1199
Ho1K1S2,2.353
Pt3Rb2S6U1,1.476
B12H12Li2,5.7099
Cs1O8S2V1,2.2143
Bi2S4Yb1,1.1332
Ag2C1Cl1N1O4S1,3.1761
La2Mo1O12Te3,3.5531
Br2Nb1O1,0.9063
As1Li1Mn1O4,1.7265
Cu2La6S14Si2,1.7814
H8Mg1O10P2,2.4391
Eu1Li1O2,0.5227
H4I2O8Zn1,3.3779
K2Mn2O3,0.4429
Na3Nb1O4,4.1613
Li14O14Pr3Rb2,2.143
Li2Mg1Mn3O8,1.9021
Mg1O4Sb2,2.5473
Mg5Na2O16P4,4.9376
B2Ba2Mg1O6,4.5344
Cs1Ho1S2,2.1398
Bi2Cr1Fe1O6,1.8669
Ba4I6O1,3.9836
Cu5H4O12V2,1.3579
Mo1Na1O5Sb1,3.268
Fe5Na3O9,1.6826
Fe2Ge1Ti1,1.2535
Na2O3Se1,4.2405
B2O6Zn3,3.4733
Cs1Na3O4Pb1,1.5277
Cu5K3O4,1.7536
Ge1Te6Ti1,0.4088
Ba3Bi2O16P4,3.8162
Au4Cd1K2S4,2.1815
Ge1Ni2O4,2.1223
Ge3Nb1O9Rb1,3.3296
Ga2O6Rb6,2.4409
Rb4S6Si2,2.8262
Cs2P2Pt1,1.1105
C4Fe1Hg1N4S4,1.9139
Ag5Cl2P1S4,1.6996
Cd1Na1O4V1,2.7099
As1Cu1K2,1.1223
Bi2O13P4,4.544
Ba3N2O1Zn1,0.5205
Ag1Nb3O8,2.3829
Ba2Ca1O6Te1,2.9961
F6K2Re1,3.3471
Fe1O8Rb1Se2,2.0578
Ca2H20N2O24P6,5.2985
As1Rb3Se4,1.1912
H5N1O2,3.3689
Cl5K2La1,4.8553
Al1H6Pr1,2.1023
As4Na2O11,2.075
C4Cl4N4S4,2.7757
C4Cd1H6O2S4,2.4117
C2Cl2O4Pb2,2.9272
Cl2H1K3O6Pt1S2,3.276
Cr2O16P4Pb3,2.6014
H1Si1,2.1606
C1H1N2Na1,4.0384
H22Mg1O15S1,5.115
B2Ca1H12O10,5.4308
F7H1K3Nb1O1,4.5824
Ni1O6Ta2,2.8841
Li3O6Sb1Zn2,3.0132
Cd1Cl1O3V1,2.6579
Mn1O5Si2,3.757
Cr1H1O8Se3,2.8145
Ba3Ga2N4,1.5197
O9S2W1,2.1888
Cs4Cu1K2O8Si2,1.6465
Ag1Cr3O8,1.7852
Bi2C2Ca1O8,1.0568
Al1H5O9P2,5.5326
Ba2Ir1O6Sr1,0.9726
C2H1K5N4,3.7849
Ag3K3S8Ta2,2.6291
Ag2K1S4Sb1,0.8055
Al1As3Cl4S5,2.2595
B1C1Cl2N1Sr3,1.8679
Ba1O4P1Rb1,5.0173
Cs1Hg1La1Se3,1.3529
As1O5P1,2.0142
Mg2N2Sr1,1.6916
Eu1O8Rb1S2,0.1193
Cd2K2O3,0.7752
Ca1F6Li1Ni1,1.9831
K2O5Zr2,3.8083
Br6Gd1Na3,1.1078
Al2O18P6,5.8131
Mo4O18Sb2Y2,3.1236
C2Pt1Rb2,1.4434
Al2H8Mn9O32Si8,2.8534
Co1H4N2O8,1.134
I1Nb1O2,0.7592
Ag3Rb1Se2,0.3783
Ca7F3K1O12Si3,4.7123
C3Cs2O9Sr2,4.5844
C6Cs2Ir1Li1N6,5.662999999999999
In2Na3O12P3,3.3605
B5H9,5.8019
K1Na1O2Zn1,2.1917
Ba1F7Fe1Mn1,2.0358
B1O9Tb3W1,3.4306
Nd1Rb1Se2,1.8686
Mg2S4Si1,2.9672
Cl1F8Ta1,3.3993
Cl7Cs3Mg2,4.3876
Dy4O7S3Si2,2.6162
Cs1La1S2,2.2983
Na4O12Si3Sn2,2.6545
Br2Ca1H12O6,4.135
H2O26Pb10V6,2.7859
Hf1La2S5,1.0715
F11Na1V1Zr2,1.949
Cl6Rb2Se1,2.6107
Li2Na6O10W2,3.5026
H4K4O14P4,5.0873
Cr1F6Li3,3.9115
Ca1Cs2H4,2.9971
Ba1C3H3O7,3.0139
K2O3Pb2,1.6911
Cu1K2Sb1,1.2565
Cl3Ir1Te6,1.2386
K2O7P2Zn1,4.5205
Al1Cl1O1,2.3992
La1O19Ta7,3.2865
Cl9Cs3Sb2,2.4432
Te4V3,0.5031
Cd1Sc2Se4,0.7749
Ba2Ca1H6O16P4,5.4557
Cr1Er1O3,2.4991
Ag2Br6Hg7P8,1.0068
Ba1Lu2S4,1.7267
Cs2F6Nb1,1.2461
Ba1O3Th1,2.9236
Ba2Bi1Dy1O6,1.8664
Cr1K3O4,1.3896
Au1C26H20N2P1S2,2.6447
Bi2O5Se1,2.8753
O1S2Y2,2.5505
Cs2F6In1Na1,5.4119
Be1F3H10N3,5.2031
As2C16Ga2H48Si4,3.7059
F8N2O2Re1,0.8002
Fe3O12Si3V2,1.5011
C4La1N8Rb1Si1,4.0758
Ba2Ge2Mn1O7,2.1454
As2F12Hg4,0.7433
C9Fe3O10S2,2.2534
As1Bi1O5Pb1,2.3021
Cr3Na4O14U1,2.6462
La4O10Re2,1.2121
Li1Nb1O6W1,2.5701
Bi1Br7Hg6Sb4,1.0215
S11Ta2Tl4,1.5941
C5F8H1N3O2,4.8837
H3K1O6P2,1.84
Ag3P1Se4,0.55
C8H24O8P4Rh2,2.4130000000000003
Cu1P1Sr1,0.0295
Al2Ba1O7Sb2,3.4175
F2H12N3O5V1,2.6493
As5B1O20Pb6,2.9306
Bi2Mo2O13Se2,2.675
Cs2F6K1Rh1,3.3968
Ba3Co1Nb2O9,2.5805
Mn1Na1Nd1O6W1,1.9298
K2Nb2O14Si4,3.7203
C6F5H3O3Se1,3.4737
C8H24Mn2O16P4,4.6316
B1S2Tl1,1.7496
Ca1Er2S4,1.5607
Cs3I9Nb2,0.508
Cl2F2I2O2,2.0702
F4Pb1Pd1,1.9165
F4H1O1Rb1Te1,4.9664
Nd1O9Ta3,3.3036
Mo4O11Tb4,0.3471
Ag2Ge1K2S4,1.8882
Bi2Cl1In1S4,1.8813
Ga1H1O4Se1,3.9548
C4H6Na2O7,2.7688
N8Si5Sr2,3.1953
C2H6Mg1O6,4.8989
K4O8P2,3.1957
Cu2O4W1,1.1743
Ag7Rb1S4,0.6296
Cl4Zr1,3.6272
Ce2F4Se1,3.3292
Al6Cl2Ge6Na8O24,4.0496
Li7O6Ta1,4.5523
Gd2Mo1O6,2.0863
F1Fe1Na1O4S1,3.5333
H4Na2O5Ti1,0.8783
H2I2K2O10Se1,3.6653
Br4Nb1O1Tl1,1.405
Ba2Dy1Nb1O6,3.0914
Be1Cr1Nd3S7,1.1075
C1Ca1H6N2O10Re2,3.4737
La2Mo3O12,3.5437
F3Yb1,0.8059999999999999
Cu1La1O2,2.8106
Cd1H6O7P2,4.935
Cu3Sb4Y3,0.2728
K1Mn1Na1O2,0.6215
F1Li1O4S1Zn1,4.9297
Ge1Na1O4Tb1,3.5619
F12Ge5,3.8947
Br3Tc1,0.066
F6N1S1Sb1,3.5311
Be2Ca3H10O20P4,5.3263
Se4Y2Zn1,0.3121
B2Ba1S4,2.7223
Cu1H6N4O4,1.067
Mo4O18Sb2Tb2,3.1235
Al1Cl4Tl1,4.649
Fe3Na3O16P4,2.0938
B2K1O6Ta1,3.6466
B2Ba1Cu1O5,1.9008
K4Nb8O34P4Si1,2.2044
Cl4H10O5Sn1,2.854
Pb4Rb4,0.4251
C2H12N2S4W1,2.3338
Br1Mn1Sb1Se2,1.1743
Cs1F7Mo1,3.3389
C3Ce2F1Na1O9,4.0737
K2Se3Te1,1.7702
Cs3O8Ta1,3.0132
B1Na1O3Sr1,3.8658
Cl6Cs2Er1Na1,5.3476
I1La1O9V2,2.5354
Cl6Hf1Hg3Se2,1.6211
Mo1O6Tb2,2.0753
Si46,1.3129
Bi1C5H5K2O10,4.1207
Ca22O36S2Si8,3.5083
Cd1Ge2O5,1.4768
As4Sn3,0.2644
Al2S4Sr1,3.8954
B1Ca2F1N2,2.914
C4N6Pb1,3.6419
P1Rb1Se6,1.8395
Ba1Na1P1,0.8391
H12K2N6Sn1,2.292
Ga1N1O1Zn1,0.1314
As2O11W2,2.8583
Al2C2Mg1,1.7472
Si136,0.5324
Br12Co1Sc7,0.3738
Ba1O10Pr2Ti3,2.4189
Ba1Cd1O7V2,3.0874
As1Cs1H12Mg1O10,4.1741
Cl6N6S4W2,0.8127
C15H19N3O5Pb1S2,2.0521
Ba2F6O1Ti1,3.8468
Ba1Cu1F1Te1,1.2877
C2H10N8O6S2Zn1,3.4532
K2Li14O14Zr3,4.2634
In4S4Sn1,1.1596
Cs3F3H12N4,4.8489
Er2O1S2,2.6411
Bi1Rb3Se3,2.0786
Al2Cl6O1Sn1,3.9006
B4Cu1O7,1.5428
O14Rb2Te2U3,2.9257
Cl6Cs2Na1Tb1,5.1976
B12C2Li2,1.3874
Ag1B7O12Sr1,3.7224
Na1Se2Tb1,1.8367
Ge4Rb4,1.0578
As1Cs5P4S12,2.4052
Ba2F6Pd1,2.8355
H12N6Na2Sn1,1.1232
Cl6O1S8Ti4,2.0921
Ge1Hf1Te4,0.3798
Cl7Fe1Se1,2.4306
Er2O9Se3,3.9297
Ge3Os2,0.9046
As2Br3F11H1P1,3.4879
Cl1F6O2Sb1,1.9586
H2Li1N1O3,2.7884
C1Cl2Co1H18N7Se1,2.4306
C1F1H7N3O3P1,5.0827
Fe1La3Ni1S7,0.9887
K3O4P1,4.0001
F1O4Rb1S1,2.4231
F7Re1,2.109
O8P2Sn1Sr1,3.0764
C2H12Mo1N6O4,0.4669
F2Se3Sn1Sr2,1.2797
O4Rb4Sn1,2.0182
Ba2Bi2Zn1,0.1834
Si2Te6Tl6,1.0686
C8H4K2Ni1O6S4,1.7143
Ba3Ni1O4,2.1708
Br12Os1Se2,1.028
C1Cl6H3O1S1Sb1,2.0262
C1H5N3,4.3872
H12N3Nb1O8,3.1281
C4F4Fe1H14N1O1,3.5598
Cd1Se4Y2,0.6463
Al12Ca1O27Si4,5.2441
Al2H9N1O11P2,4.347
As4O6,4.021
F10H1P1Pb2,5.4536
B12C3,1.5163
N11Pr3Si6,2.8745
B5Cs2Li3O10,4.4797
La2O6S1,5.2167
Ba1Cl1Cu1O4P1,1.4012
Rb2Se2,0.9142
Cs1Nb3O10Sr2,1.7474
C2Ca2O10Te2,3.8501
Al4Bi4Cl16S4,2.8429
F5Na2Sb1,4.8308
Cl4Cs2Hg1,3.0255
Cl4Si1,5.5539
Er1Pt1Sb1,0.0976
Li1Mo4Nd2O16Tl1,2.9254
As1Na1O5Ti1,2.8225
C1F1O3Rb1Sr1,4.1419
Ca3H20N2O20P4,4.4056
As4Br7Hg6Ti1,1.2503
H4K3Na1O14P4,4.5974
Ag2Br14W6,2.7998
B3La3N6,2.1204
Cs3Ni1O2,1.4945
Nd2O4Si1Te1,1.3521
Cl1H13O6,5.2321
Ba3Cr2Mo1O9,1.2482
Cl1O3Sb1Te1,3.1365
Nb1O7Pr3,3.0331
Ag1F4Na2,2.1182
B3H12N1,5.4068
Ba2Lu1Nb1O6,3.0881
As1K1O9W2,2.0103
Eu1F7Sn1,0.903
Cs3F7Ge1,4.3375
